id,hypers,roc,acc
0,"Namespace(experiment_id='0', head_linear=687, head_ps=0.09081930829568803, lr=0.0011211115365524268, lr_mult=26, mask_prob=0.1815553688707412, max_masked=19, max_tgt_length=21, stem_ps=0.24425080353868472, train_epochs=8, vis_mask_prob=0.1592545853293247)",0.7288386885023257,0.6807692050933838
1,"Namespace(experiment_id='1', head_linear=732, head_ps=0.780089678386828, lr=0.00414580201501881, lr_mult=29, mask_prob=0.27753869125924535, max_masked=35, max_tgt_length=50, stem_ps=0.2675892732132118, train_epochs=8, vis_mask_prob=0.28907475393891213)",0.6177778783797548,0.5913461446762085
2,"Namespace(experiment_id='2', head_linear=646, head_ps=0.26075327153003525, lr=0.003907274427971036, lr_mult=24, mask_prob=0.024396383214836947, max_masked=26, max_tgt_length=72, stem_ps=0.4318337693276727, train_epochs=9, vis_mask_prob=0.19370316938730642)",0.5858090851130452,0.5701923370361328
3,"Namespace(experiment_id='3', head_linear=87, head_ps=0.7765339039146384, lr=0.002528993604506064, lr_mult=5, mask_prob=0.27733149906256765, max_masked=32, max_tgt_length=51, stem_ps=0.3822706399589739, train_epochs=9, vis_mask_prob=0.1060078121099169)",0.5654126630223599,0.5855769515037537
4,"Namespace(experiment_id='4', head_linear=994, head_ps=0.2831581698758104, lr=0.0015828442923474866, lr_mult=49, mask_prob=0.018671688311957278, max_masked=1, max_tgt_length=93, stem_ps=0.14176385975255446, train_epochs=10, vis_mask_prob=0.25614152976071725)",0.7401752737945683,0.6759615540504456
5,"Namespace(experiment_id='5', head_linear=988, head_ps=0.6144378945016065, lr=0.0006678046343638398, lr_mult=4, mask_prob=0.041977344854011035, max_masked=0, max_tgt_length=42, stem_ps=0.420984443133208, train_epochs=10, vis_mask_prob=0.2050275206192149)",0.7010329307996725,0.6442307829856873
6,"Namespace(experiment_id='6', head_linear=497, head_ps=0.24860373055308901, lr=0.002890057834606533, lr_mult=12, mask_prob=0.22187083736426833, max_masked=74, max_tgt_length=81, stem_ps=0.2747471650790051, train_epochs=12, vis_mask_prob=0.2394442966007973)",0.6554243957279371,0.6028845906257629
7,"Namespace(experiment_id='7', head_linear=618, head_ps=0.7880406728703071, lr=0.0010930047538506929, lr_mult=35, mask_prob=0.27825776799648344, max_masked=30, max_tgt_length=71, stem_ps=0.021909505496368442, train_epochs=12, vis_mask_prob=0.08371553878134344)",0.7188093001497711,0.6884615421295166
8,"Namespace(experiment_id='8', head_linear=388, head_ps=0.3097340941952954, lr=0.0004865042593043354, lr_mult=43, mask_prob=0.06936647205192524, max_masked=16, max_tgt_length=66, stem_ps=0.06765269957054754, train_epochs=9, vis_mask_prob=0.076486490590118)",0.7324150887875324,0.6846153736114502
9,"Namespace(experiment_id='9', head_linear=148, head_ps=0.46855484658759156, lr=0.0014774068299725385, lr_mult=28, mask_prob=0.10399451106794166, max_masked=52, max_tgt_length=75, stem_ps=0.47107437477726405, train_epochs=11, vis_mask_prob=0.0646682559099599)",0.6780296599778927,0.6480769515037537
10,"Namespace(experiment_id='10', head_linear=628, head_ps=0.5311245362846043, lr=0.004898759630450797, lr_mult=9, mask_prob=0.09241379566351611, max_masked=35, max_tgt_length=67, stem_ps=0.32377804263169496, train_epochs=12, vis_mask_prob=0.2665317210304365)",0.6450271813966824,0.6153846383094788
11,"Namespace(experiment_id='11', head_linear=608, head_ps=0.6802181919955401, lr=0.0010961552862205617, lr_mult=40, mask_prob=0.10908500801148792, max_masked=41, max_tgt_length=69, stem_ps=0.12262795970201984, train_epochs=7, vis_mask_prob=0.27360913136012316)",0.7441176137714047,0.6932692527770996
12,"Namespace(experiment_id='12', head_linear=705, head_ps=0.33828045808999696, lr=0.0013061502285995495, lr_mult=13, mask_prob=0.2927150979486373, max_masked=22, max_tgt_length=24, stem_ps=0.43579577365489963, train_epochs=11, vis_mask_prob=0.06493625030322586)",0.5941162933704555,0.5846154093742371
13,"Namespace(experiment_id='13', head_linear=261, head_ps=0.039007744770932634, lr=0.0017412810570284502, lr_mult=25, mask_prob=0.17401589331621367, max_masked=4, max_tgt_length=48, stem_ps=0.21494490229723345, train_epochs=10, vis_mask_prob=0.2858458955081164)",0.7270995318235491,0.6769230961799622
14,"Namespace(experiment_id='14', head_linear=306, head_ps=0.33589846395839223, lr=0.002172813954611211, lr_mult=3, mask_prob=0.11488550283843896, max_masked=1, max_tgt_length=24, stem_ps=0.12337596170237652, train_epochs=8, vis_mask_prob=0.0063906574347557974)",0.6699865319103183,0.6144230961799622
15,"Namespace(experiment_id='15', head_linear=400, head_ps=0.19127911932718764, lr=0.004906532236077423, lr_mult=25, mask_prob=0.19210426171080347, max_masked=8, max_tgt_length=41, stem_ps=0.4343883313614112, train_epochs=6, vis_mask_prob=0.11264281003898635)",0.6017595285791354,0.5923076868057251
16,"Namespace(experiment_id='16', head_linear=606, head_ps=0.09210086211581424, lr=0.002870191560770879, lr_mult=20, mask_prob=0.26544022493192515, max_masked=42, max_tgt_length=53, stem_ps=0.037254521125807516, train_epochs=11, vis_mask_prob=0.08138631581291765)",0.6763772725043479,0.6567307710647583
17,"Namespace(experiment_id='17', head_linear=896, head_ps=0.14192765513051775, lr=0.0035470825755323323, lr_mult=47, mask_prob=0.10413586530207815, max_masked=51, max_tgt_length=84, stem_ps=0.3916140055075943, train_epochs=10, vis_mask_prob=0.1658159792474298)",0.6887003859343345,0.6625000238418579
18,"Namespace(experiment_id='18', head_linear=596, head_ps=0.16205575877156903, lr=0.003321807219640374, lr_mult=16, mask_prob=0.20735750941855177, max_masked=18, max_tgt_length=45, stem_ps=0.011557441011520508, train_epochs=9, vis_mask_prob=0.20137545912320423)",0.6826661535965836,0.6355769038200378
19,"Namespace(experiment_id='19', head_linear=376, head_ps=0.35202795108989166, lr=0.0013250515627555646, lr_mult=21, mask_prob=0.07140862021510878, max_masked=13, max_tgt_length=16, stem_ps=0.0013021791760396972, train_epochs=11, vis_mask_prob=0.06331367651405148)",0.7108963258900445,0.6798076629638672
20,"Namespace(experiment_id='20', head_linear=687, head_ps=0.4820194819431174, lr=0.000564910282320401, lr_mult=47, mask_prob=0.10827947927372217, max_masked=85, max_tgt_length=86, stem_ps=0.2293725350192914, train_epochs=10, vis_mask_prob=0.15742408440000563)",0.7379362510421736,0.6875
21,"Namespace(experiment_id='21', head_linear=980, head_ps=0.6130121476435577, lr=0.0021600724897927197, lr_mult=30, mask_prob=0.22773477056103597, max_masked=2, max_tgt_length=13, stem_ps=0.3988824778754093, train_epochs=6, vis_mask_prob=0.20170487237060056)",0.5995110743913894,0.5932692289352417
22,"Namespace(experiment_id='22', head_linear=729, head_ps=0.7802043258149101, lr=0.003248266428373014, lr_mult=49, mask_prob=0.2211152027547477, max_masked=48, max_tgt_length=56, stem_ps=0.07907648276509044, train_epochs=9, vis_mask_prob=0.27373506446327106)",0.7218066103044091,0.6817307472229004
23,"Namespace(experiment_id='23', head_linear=614, head_ps=0.7461079624439991, lr=0.0017560303683636664, lr_mult=2, mask_prob=0.2461201640908112, max_masked=22, max_tgt_length=75, stem_ps=0.011833092621855723, train_epochs=7, vis_mask_prob=0.25654902073454244)",0.6144316051171195,0.5903846025466919
24,"Namespace(experiment_id='24', head_linear=617, head_ps=0.2879528263104958, lr=0.0009025202943988997, lr_mult=42, mask_prob=0.055179483927748484, max_masked=1, max_tgt_length=82, stem_ps=0.4021319378245906, train_epochs=9, vis_mask_prob=0.2111661656759375)",0.7188941830679327,0.6634615659713745
25,"Namespace(experiment_id='25', head_linear=957, head_ps=0.4306208927988074, lr=0.004334329773017087, lr_mult=17, mask_prob=0.015056413814929436, max_masked=23, max_tgt_length=88, stem_ps=0.207031639180563, train_epochs=10, vis_mask_prob=0.015387090573266303)",0.6361578595923356,0.6153846383094788
26,"Namespace(experiment_id='26', head_linear=135, head_ps=0.34203688343237365, lr=0.0010981897565663383, lr_mult=37, mask_prob=0.1691451004556853, max_masked=4, max_tgt_length=10, stem_ps=0.10010329776042559, train_epochs=6, vis_mask_prob=0.22924427199761857)",0.6770412455530781,0.6461538672447205
27,"Namespace(experiment_id='27', head_linear=326, head_ps=0.35519615258836623, lr=0.0029128492751166564, lr_mult=24, mask_prob=0.17489021638463303, max_masked=1, max_tgt_length=42, stem_ps=0.30193570072875753, train_epochs=11, vis_mask_prob=0.2924577938591976)",0.686336868235303,0.6576923131942749
28,"Namespace(experiment_id='28', head_linear=992, head_ps=0.7486457605082073, lr=0.0007261784176786373, lr_mult=7, mask_prob=0.0228575961476958, max_masked=5, max_tgt_length=66, stem_ps=0.363834098716406, train_epochs=8, vis_mask_prob=0.016123590452802927)",0.7251679738636064,0.6663461327552795
29,"Namespace(experiment_id='29', head_linear=826, head_ps=0.4294404375572114, lr=0.0039328295102411225, lr_mult=31, mask_prob=0.16835568573049817, max_masked=23, max_tgt_length=38, stem_ps=0.2347533951271522, train_epochs=8, vis_mask_prob=0.17232412605504052)",0.6299029316673646,0.6230769157409668
30,"Namespace(experiment_id='30', head_linear=620, head_ps=0.06759070391013795, lr=0.004538650499168789, lr_mult=16, mask_prob=0.0728851080026825, max_masked=8, max_tgt_length=10, stem_ps=0.2151259699338645, train_epochs=7, vis_mask_prob=0.19633121068022205)",0.5893043750542307,0.5701923370361328
31,"Namespace(experiment_id='31', head_linear=944, head_ps=0.3219443129777966, lr=0.004020680626308414, lr_mult=31, mask_prob=0.1267311088045576, max_masked=59, max_tgt_length=79, stem_ps=0.4055744067380441, train_epochs=6, vis_mask_prob=0.1444803266022212)",0.6148013173828899,0.5701923370361328
32,"Namespace(experiment_id='32', head_linear=867, head_ps=0.4487619302470345, lr=0.004160507000340238, lr_mult=10, mask_prob=0.25472757500993104, max_masked=4, max_tgt_length=46, stem_ps=0.01964112311992433, train_epochs=8, vis_mask_prob=0.08560285064029434)",0.625628605166163,0.6115384697914124
33,"Namespace(experiment_id='33', head_linear=539, head_ps=0.49022931426521715, lr=0.004901241632168957, lr_mult=47, mask_prob=0.05421801897879495, max_masked=0, max_tgt_length=25, stem_ps=0.1402118780089101, train_epochs=10, vis_mask_prob=0.14499273893710524)",0.6709768326222031,0.6211538314819336
34,"Namespace(experiment_id='34', head_linear=336, head_ps=0.1622693335390812, lr=0.00468263067634391, lr_mult=13, mask_prob=0.0066206190109314835, max_masked=65, max_tgt_length=69, stem_ps=0.48667083963921276, train_epochs=6, vis_mask_prob=0.21957177783122564)",0.5385896608833104,0.5701923370361328
35,"Namespace(experiment_id='35', head_linear=691, head_ps=0.38693780894580415, lr=0.002879967880388168, lr_mult=13, mask_prob=0.14086577520963492, max_masked=18, max_tgt_length=18, stem_ps=0.36965224981879186, train_epochs=8, vis_mask_prob=0.18783731221740324)",0.5970400383293533,0.5807692408561707
36,"Namespace(experiment_id='36', head_linear=901, head_ps=0.14854348521072086, lr=0.004126413244448272, lr_mult=6, mask_prob=0.21996813664573583, max_masked=24, max_tgt_length=33, stem_ps=0.12887569610002653, train_epochs=7, vis_mask_prob=0.19641466385321255)",0.6066751926842242,0.5807692408561707
37,"Namespace(experiment_id='37', head_linear=645, head_ps=0.5298940755041771, lr=0.0007807862317159986, lr_mult=4, mask_prob=0.21373476318619136, max_masked=57, max_tgt_length=98, stem_ps=0.11353659377790881, train_epochs=12, vis_mask_prob=0.10154157766174808)",0.7288443473635366,0.6865384578704834
38,"Namespace(experiment_id='38', head_linear=577, head_ps=0.2679017089800224, lr=0.004642185865151579, lr_mult=39, mask_prob=0.2536380520998289, max_masked=26, max_tgt_length=83, stem_ps=0.16420990217296477, train_epochs=8, vis_mask_prob=0.008602036776323551)",0.6483696820851773,0.6211538314819336
39,"Namespace(experiment_id='39', head_linear=402, head_ps=0.2501962346322419, lr=0.0036558973925025213, lr_mult=25, mask_prob=0.23816754631129694, max_masked=59, max_tgt_length=86, stem_ps=0.06762571717443266, train_epochs=11, vis_mask_prob=0.016424008580905734)",0.6982449985098332,0.6480769515037537
40,"Namespace(experiment_id='40', head_linear=486, head_ps=0.6767277228348534, lr=0.00044484479708586044, lr_mult=22, mask_prob=0.0794496519936014, max_masked=8, max_tgt_length=83, stem_ps=0.21513084582071137, train_epochs=8, vis_mask_prob=0.21874345873551915)",0.737549562192771,0.6971153616905212
41,"Namespace(experiment_id='41', head_linear=967, head_ps=0.36896064732017175, lr=0.001847674130248689, lr_mult=26, mask_prob=0.16609671384892893, max_masked=16, max_tgt_length=95, stem_ps=0.1311185532574521, train_epochs=8, vis_mask_prob=0.23785907541411744)",0.7360065793693009,0.6721153855323792
42,"Namespace(experiment_id='42', head_linear=953, head_ps=0.7285869244192567, lr=0.0004877642240079719, lr_mult=55, mask_prob=0.0037042268681037214, max_masked=22, max_tgt_length=53, stem_ps=0.21849727035360875, train_epochs=8, vis_mask_prob=0.06534356390815423)",0.7371534419080171,0.6769230961799622
43,"Namespace(experiment_id='43', head_linear=808, head_ps=0.18120784901160666, lr=0.0016082016570110422, lr_mult=69, mask_prob=0.2377607898751659, max_masked=29, max_tgt_length=73, stem_ps=0.03185706023718441, train_epochs=8, vis_mask_prob=0.06918327266310279)",0.7240022484541877,0.6798076629638672
46,"Namespace(experiment_id='46', head_linear=973, head_ps=0.019903152912153655, lr=0.0007770577755526085, lr_mult=69, mask_prob=0.2538409550301995, max_masked=27, max_tgt_length=71, stem_ps=0.1837201094619627, train_epochs=8, vis_mask_prob=0.13784148457081527)",0.7434196875554097,0.6701923012733461
47,"Namespace(experiment_id='47', head_linear=609, head_ps=0.5234624519779926, lr=0.0002431197523266101, lr_mult=33, mask_prob=0.22992319197177064, max_masked=15, max_tgt_length=66, stem_ps=0.13405638110399398, train_epochs=8, vis_mask_prob=0.002053773258539959)",0.7281973508984385,0.6557692289352417
48,"Namespace(experiment_id='48', head_linear=872, head_ps=0.3089795038946232, lr=0.000288735778090776, lr_mult=58, mask_prob=0.05855441217477981, max_masked=10, max_tgt_length=77, stem_ps=0.0021701078475604763, train_epochs=8, vis_mask_prob=0.23072597889576443)",0.7027173851534116,0.6519230604171753
49,"Namespace(experiment_id='49', head_linear=791, head_ps=0.40243180923710914, lr=0.0008289329589839474, lr_mult=45, mask_prob=0.2717466670151788, max_masked=3, max_tgt_length=82, stem_ps=0.18627826709698755, train_epochs=8, vis_mask_prob=0.2807936259129307)",0.7350483455376107,0.6836538314819336
50,"Namespace(experiment_id='50', head_linear=860, head_ps=0.35799512950316625, lr=0.00046977174397087407, lr_mult=48, mask_prob=0.14469164726911832, max_masked=17, max_tgt_length=40, stem_ps=0.02040002679159929, train_epochs=8, vis_mask_prob=0.2416494723119407)",0.7305099388465731,0.6875
51,"Namespace(experiment_id='51', head_linear=814, head_ps=0.43208956207694904, lr=0.0016892663481145578, lr_mult=66, mask_prob=0.1628505947601763, max_masked=8, max_tgt_length=84, stem_ps=0.013647805448767524, train_epochs=8, vis_mask_prob=0.24719570434545535)",0.7413466580651976,0.6855769157409668
52,"Namespace(experiment_id='52', head_linear=943, head_ps=0.6753738752569555, lr=0.0013972225287824968, lr_mult=72, mask_prob=0.20293323535613253, max_masked=23, max_tgt_length=72, stem_ps=0.20755520518132778, train_epochs=8, vis_mask_prob=0.0018580731690376105)",0.7360744857038303,0.6807692050933838
53,"Namespace(experiment_id='53', head_linear=956, head_ps=0.5758850085854293, lr=0.001955672622113319, lr_mult=80, mask_prob=0.014630753852046173, max_masked=13, max_tgt_length=69, stem_ps=0.2735956069202487, train_epochs=8, vis_mask_prob=0.1512675250790896)",0.7435668179468897,0.6884615421295166
54,"Namespace(experiment_id='54', head_linear=826, head_ps=0.23059745450491997, lr=0.001417825455473009, lr_mult=71, mask_prob=0.0064772950012008, max_masked=36, max_tgt_length=89, stem_ps=0.16621128782285502, train_epochs=8, vis_mask_prob=0.029218933616356288)",0.7419446110664689,0.6894230842590332
55,"Namespace(experiment_id='55', head_linear=510, head_ps=0.5408948831817284, lr=0.0010071913714649412, lr_mult=56, mask_prob=0.21909212998694608, max_masked=21, max_tgt_length=81, stem_ps=0.2474362275632457, train_epochs=8, vis_mask_prob=0.22452386205434557)",0.7550769416495959,0.6951923370361328
56,"Namespace(experiment_id='56', head_linear=640, head_ps=0.1468265246825105, lr=0.0011180714792437378, lr_mult=70, mask_prob=0.13012739224772463, max_masked=25, max_tgt_length=56, stem_ps=0.27414159880329186, train_epochs=8, vis_mask_prob=0.2340727453591069)",0.7319963330579353,0.6740384697914124
57,"Namespace(experiment_id='57', head_linear=678, head_ps=0.1419447240536523, lr=0.0014736992165082787, lr_mult=57, mask_prob=0.15355835438934923, max_masked=26, max_tgt_length=69, stem_ps=0.11986553831819374, train_epochs=8, vis_mask_prob=0.04723055775718297)",0.7316605739594297,0.6711538434028625
58,"Namespace(experiment_id='58', head_linear=948, head_ps=0.007284909323987421, lr=0.001646274211273726, lr_mult=57, mask_prob=0.13101739906585552, max_masked=31, max_tgt_length=69, stem_ps=0.12683338452077553, train_epochs=8, vis_mask_prob=0.0524757891147335)",0.7331318778742301,0.6894230842590332
59,"Namespace(experiment_id='59', head_linear=570, head_ps=0.7828225278756072, lr=0.0012024491957964383, lr_mult=53, mask_prob=0.11857973326090958, max_masked=6, max_tgt_length=84, stem_ps=0.26572939977626, train_epochs=8, vis_mask_prob=0.1959551185712037)",0.7497123412217859,0.6788461804389954
60,"Namespace(experiment_id='60', head_linear=926, head_ps=0.6834487067046551, lr=0.0005317824266533362, lr_mult=52, mask_prob=0.29563153201679604, max_masked=1, max_tgt_length=87, stem_ps=0.047108960261176634, train_epochs=8, vis_mask_prob=0.15148418004202568)",0.7274371772091252,0.6692307591438293
61,"Namespace(experiment_id='61', head_linear=467, head_ps=0.6580593016261959, lr=0.0017606900503175245, lr_mult=13, mask_prob=0.0004992496904367982, max_masked=7, max_tgt_length=47, stem_ps=0.12643457275691825, train_epochs=8, vis_mask_prob=0.03526893559688873)",0.7075708017851821,0.6740384697914124
65,"Namespace(experiment_id='65', head_linear=851, head_ps=0.7462561992995376, lr=0.001373762174805423, lr_mult=52, mask_prob=0.1207479010921959, max_masked=20, max_tgt_length=44, stem_ps=0.13671837667398998, train_epochs=8, vis_mask_prob=0.24635205646246172)",0.7382399432604849,0.6846153736114502
67,"Namespace(experiment_id='67', head_linear=643, head_ps=0.7877554889403702, lr=0.0012884038879805036, lr_mult=40, mask_prob=0.08213437645564536, max_masked=24, max_tgt_length=80, stem_ps=0.16653444156857944, train_epochs=8, vis_mask_prob=0.09507845969592263)",0.7329470217413447,0.6807692050933838
68,"Namespace(experiment_id='68', head_linear=401, head_ps=0.5250370764547185, lr=0.0006855119417296847, lr_mult=26, mask_prob=0.07657350329507759, max_masked=23, max_tgt_length=84, stem_ps=0.24101133091624308, train_epochs=8, vis_mask_prob=0.16421925268431536)",0.7699842683658341,0.7009615302085876
69,"Namespace(experiment_id='69', head_linear=858, head_ps=0.49988739514172087, lr=0.0017784800328318482, lr_mult=72, mask_prob=0.26982515782660405, max_masked=8, max_tgt_length=46, stem_ps=0.20053860659457967, train_epochs=8, vis_mask_prob=0.006963265566285515)",0.7346842921330512,0.6788461804389954
70,"Namespace(experiment_id='70', head_linear=854, head_ps=0.1365347824560728, lr=0.0015706982556486252, lr_mult=48, mask_prob=0.13969163311368352, max_masked=16, max_tgt_length=60, stem_ps=0.07279011458393154, train_epochs=8, vis_mask_prob=0.24550554214129555)",0.735329402311079,0.6875
72,"Namespace(experiment_id='72', head_linear=982, head_ps=0.3117270797988724, lr=0.0011484993670825372, lr_mult=12, mask_prob=0.17872444990452088, max_masked=31, max_tgt_length=73, stem_ps=0.14368977818450318, train_epochs=8, vis_mask_prob=0.2581046966757045)",0.7321698714683991,0.6778846383094788
73,"Namespace(experiment_id='73', head_linear=479, head_ps=0.5273275386914272, lr=0.0009876861491339875, lr_mult=41.89068786241621, mask_prob=0.18686519865614218, max_masked=20, max_tgt_length=80, stem_ps=0.20759976199899077, train_epochs=8, vis_mask_prob=0.296570448387684)",0.730355263306812,0.6701923012733461
74,"Namespace(experiment_id='74', head_linear=575, head_ps=0.5227719959878484, lr=0.00034705855294888847, lr_mult=17.735483326527053, mask_prob=0.15743045833997046, max_masked=7, max_tgt_length=100, stem_ps=0.2589958712559391, train_epochs=8, vis_mask_prob=0.10786246078714118)",0.7263563347178681,0.675000011920929
75,"Namespace(experiment_id='75', head_linear=417, head_ps=0.6982913808895147, lr=0.0011248128737816315, lr_mult=67.56715151194072, mask_prob=0.29306848847142886, max_masked=5, max_tgt_length=71, stem_ps=0.25126613698068156, train_epochs=8, vis_mask_prob=0.13150165344273076)",0.7372402111132488,0.6769230961799622
76,"Namespace(experiment_id='76', head_linear=571, head_ps=0.6116052828284444, lr=0.0006176949577505492, lr_mult=29.669722908845106, mask_prob=0.29123540818037974, max_masked=15, max_tgt_length=89, stem_ps=0.2646752490632131, train_epochs=8, vis_mask_prob=0.2525486956586378)",0.7153404182275692,0.6605769395828247
77,"Namespace(experiment_id='77', head_linear=469, head_ps=0.681233944447879, lr=0.0013747313011104596, lr_mult=83.34578801584505, mask_prob=0.28850215071714336, max_masked=2, max_tgt_length=76, stem_ps=0.2279579810583131, train_epochs=8, vis_mask_prob=0.21933804548208366)",0.7446099346967416,0.6846153736114502
78,"Namespace(experiment_id='78', head_linear=479, head_ps=0.77338396780868, lr=0.0013372358746026607, lr_mult=66.24302885873367, mask_prob=0.26539557177846773, max_masked=22, max_tgt_length=75, stem_ps=0.27269912403897867, train_epochs=8, vis_mask_prob=0.19404719374114077)",0.7491087293593037,0.6807692050933838
79,"Namespace(experiment_id='79', head_linear=520, head_ps=0.5722961329285063, lr=0.0011171839361180669, lr_mult=58.28740013103972, mask_prob=0.06082467937334217, max_masked=16, max_tgt_length=82, stem_ps=0.22754301558581844, train_epochs=8, vis_mask_prob=0.21433886501416655)",0.7510817856347922,0.6788461804389954
80,"Namespace(experiment_id='80', head_linear=498, head_ps=0.78753721667178, lr=0.0018570186097009533, lr_mult=89.93730494926533, mask_prob=0.23145348587008044, max_masked=8, max_tgt_length=83, stem_ps=0.2004382459576018, train_epochs=8, vis_mask_prob=0.2572019968303099)",0.7382965318725927,0.675000011920929
81,"Namespace(experiment_id='81', head_linear=514, head_ps=0.7353680475593767, lr=0.0018252889801060436, lr_mult=96.57150305462173, mask_prob=0.0393764167002127, max_masked=23, max_tgt_length=80, stem_ps=0.20536754895421702, train_epochs=8, vis_mask_prob=0.19975674261314375)",0.7362970675781205,0.6913461685180664
82,"Namespace(experiment_id='82', head_linear=499, head_ps=0.501809007642797, lr=0.0005576200002505023, lr_mult=25.496742391164574, mask_prob=0.0574032003730959, max_masked=13, max_tgt_length=99, stem_ps=0.2030921507563918, train_epochs=8, vis_mask_prob=0.14465000149242307)",0.7422218952657967,0.6913461685180664
83,"Namespace(experiment_id='83', head_linear=453, head_ps=0.5420663544684933, lr=0.001711186871410888, lr_mult=69.76403279681423, mask_prob=0.12069282726079454, max_masked=26, max_tgt_length=81, stem_ps=0.25231963463635054, train_epochs=8, vis_mask_prob=0.10358485323264213)",0.7329885200568904,0.6778846383094788
84,"Namespace(experiment_id='84', head_linear=414, head_ps=0.5097690425777454, lr=0.000617972832505014, lr_mult=34.85473551925533, mask_prob=0.18364825606528312, max_masked=11, max_tgt_length=85, stem_ps=0.21066719488848426, train_epochs=8, vis_mask_prob=0.18250048772695662)",0.7303099924171259,0.6778846383094788
85,"Namespace(experiment_id='85', head_linear=555, head_ps=0.7017269377531857, lr=0.001608071264895591, lr_mult=86.96191554495715, mask_prob=0.15363333069822083, max_masked=0, max_tgt_length=93, stem_ps=0.26293743920166895, train_epochs=8, vis_mask_prob=0.10524285136384577)",0.7420540157165438,0.6788461804389954
86,"Namespace(experiment_id='86', head_linear=525, head_ps=0.614204347187417, lr=0.0008595409311232427, lr_mult=47.04307739152405, mask_prob=0.2159153756326452, max_masked=3, max_tgt_length=94, stem_ps=0.27053986904024196, train_epochs=8, vis_mask_prob=0.24157762659192852)",0.7359801713503175,0.6817307472229004
87,"Namespace(experiment_id='87', head_linear=482, head_ps=0.6811824494070964, lr=0.0016363426216879427, lr_mult=103.49515272142796, mask_prob=0.18957392702796247, max_masked=28, max_tgt_length=98, stem_ps=0.2687189975987541, train_epochs=8, vis_mask_prob=0.25534354524209935)",0.7530208887430161,0.6884615421295166
88,"Namespace(experiment_id='88', head_linear=588, head_ps=0.7563047852944763, lr=0.0014409694439164004, lr_mult=78.47974081813551, mask_prob=0.2715973476396892, max_masked=7, max_tgt_length=73, stem_ps=0.27614334278694713, train_epochs=8, vis_mask_prob=0.12194988707475635)",0.7394471669854492,0.6788461804389954
89,"Namespace(experiment_id='89', head_linear=505, head_ps=0.6930269978543461, lr=0.0003502416468268028, lr_mult=15.560829475081116, mask_prob=0.20452970528164666, max_masked=9, max_tgt_length=79, stem_ps=0.21577602845683544, train_epochs=8, vis_mask_prob=0.1400369585703589)",0.7302571763791588,0.6682692170143127
90,"Namespace(experiment_id='90', head_linear=571, head_ps=0.5353148880269745, lr=0.0007362954999069134, lr_mult=39.80490259718236, mask_prob=0.2397557371536173, max_masked=22, max_tgt_length=71, stem_ps=0.2719375312292221, train_epochs=8, vis_mask_prob=0.14354167060848877)",0.7315473967352144,0.6788461804389954
91,"Namespace(experiment_id='91', head_linear=502, head_ps=0.5862642914792127, lr=0.000580881776729867, lr_mult=24.849474369546414, mask_prob=0.012358734008745209, max_masked=17, max_tgt_length=91, stem_ps=0.23398279019565232, train_epochs=8, vis_mask_prob=0.19164930593520846)",0.7388812808643721,0.6846153736114502
92,"Namespace(experiment_id='92', head_linear=518, head_ps=0.5289259898023108, lr=0.0015916262807646343, lr_mult=88.68633203622052, mask_prob=0.02163912504494717, max_masked=8, max_tgt_length=75, stem_ps=0.24516638473570615, train_epochs=8, vis_mask_prob=0.26209906145221484)",0.7326923729868602,0.6836538314819336
93,"Namespace(experiment_id='93', head_linear=434, head_ps=0.6864725993965222, lr=0.001675131161380311, lr_mult=84.84830794988602, mask_prob=0.050035094646799616, max_masked=22, max_tgt_length=90, stem_ps=0.214368948884602, train_epochs=8, vis_mask_prob=0.2997424746264579)",0.7463962485522746,0.6951923370361328
94,"Namespace(experiment_id='94', head_linear=529, head_ps=0.561063796440769, lr=0.0016025821078711143, lr_mult=102.0467649712423, mask_prob=0.111778779822036, max_masked=19, max_tgt_length=70, stem_ps=0.23071411121582125, train_epochs=8, vis_mask_prob=0.13299996364645902)",0.7382889867243116,0.6721153855323792
95,"Namespace(experiment_id='95', head_linear=549, head_ps=0.7674666405392288, lr=0.0017101691796448796, lr_mult=59.64754901360055, mask_prob=0.2706084449931433, max_masked=13, max_tgt_length=85, stem_ps=0.21393774624090006, train_epochs=8, vis_mask_prob=0.2733540212594446)",0.7413806112324623,0.6778846383094788
96,"Namespace(experiment_id='96', head_linear=421, head_ps=0.7140758443815036, lr=0.0017789499401924956, lr_mult=88.7496022757775, mask_prob=0.04842019029608152, max_masked=31, max_tgt_length=96, stem_ps=0.24551828686551422, train_epochs=8, vis_mask_prob=0.2670787012477669)",0.7548487009140947,0.6961538195610046
97,"Namespace(experiment_id='97', head_linear=596, head_ps=0.6022637662958694, lr=0.0010813226572154058, lr_mult=54.14962635756071, mask_prob=0.22692332197772938, max_masked=28, max_tgt_length=92, stem_ps=0.2831869678032124, train_epochs=8, vis_mask_prob=0.13380437537482295)",0.7526832433574402,0.682692289352417
98,"Namespace(experiment_id='98', head_linear=550, head_ps=0.749409519700329, lr=0.0011630531910959512, lr_mult=76.30252597917398, mask_prob=0.12698146968344573, max_masked=26, max_tgt_length=83, stem_ps=0.23271696407761702, train_epochs=8, vis_mask_prob=0.14998711140348175)",0.7460586031666988,0.6836538314819336
99,"Namespace(experiment_id='99', head_linear=513, head_ps=0.7179917133503808, lr=0.001646160880260466, lr_mult=94.55131914750702, mask_prob=0.07469780790115725, max_masked=29, max_tgt_length=93, stem_ps=0.2601654508101274, train_epochs=8, vis_mask_prob=0.15239643155537458)",0.7423369587770824,0.675000011920929
100,"Namespace(experiment_id='100', head_linear=591, head_ps=0.544785102606429, lr=0.0009059768787951283, lr_mult=36.99550057992123, mask_prob=0.18516508424548936, max_masked=29, max_tgt_length=93, stem_ps=0.24033393976631712, train_epochs=8, vis_mask_prob=0.1856873748795902)",0.7407147518966617,0.6701923012733461
101,"Namespace(experiment_id='101', head_linear=413, head_ps=0.5185121947891234, lr=0.0018572440980988874, lr_mult=79.49272127410575, mask_prob=0.17732879928396797, max_masked=22, max_tgt_length=85, stem_ps=0.27251186457925425, train_epochs=8, vis_mask_prob=0.2874299955083103)",0.735983943924458,0.6836538314819336
102,"Namespace(experiment_id='102', head_linear=519, head_ps=0.5746296340116721, lr=0.0011694561682504502, lr_mult=49.17889038902166, mask_prob=0.15440513053427413, max_masked=31, max_tgt_length=93, stem_ps=0.23951798384931822, train_epochs=8, vis_mask_prob=0.20779413491707596)",0.7408882903071252,0.6875
103,"Namespace(experiment_id='103', head_linear=542, head_ps=0.6244390047083139, lr=0.0005784775788988419, lr_mult=25.64130096016983, mask_prob=0.007220363050019518, max_masked=9, max_tgt_length=88, stem_ps=0.2471723144096619, train_epochs=8, vis_mask_prob=0.22334684954246573)",0.7276258059161508,0.6836538314819336
104,"Namespace(experiment_id='104', head_linear=492, head_ps=0.7533343704546251, lr=0.0010274840835424617, lr_mult=48.55099452457793, mask_prob=0.27344611499162264, max_masked=7, max_tgt_length=99, stem_ps=0.26729712512279274, train_epochs=8, vis_mask_prob=0.11608360820506679)",0.7284670899494853,0.675000011920929
105,"Namespace(experiment_id='105', head_linear=461, head_ps=0.6275204744978807, lr=0.0006723155419015646, lr_mult=39.46760869209652, mask_prob=0.1420136080558471, max_masked=13, max_tgt_length=89, stem_ps=0.23987464311646783, train_epochs=8, vis_mask_prob=0.2529068584507532)",0.7269825820251932,0.6701923012733461
106,"Namespace(experiment_id='106', head_linear=510, head_ps=0.7549959770971046, lr=0.0003658939448344375, lr_mult=20.52417050723448, mask_prob=0.21560928051951678, max_masked=24, max_tgt_length=100, stem_ps=0.23397288924153062, train_epochs=8, vis_mask_prob=0.25405325617259517)",0.7234099543141272,0.6499999761581421
107,"Namespace(experiment_id='107', head_linear=454, head_ps=0.7309999320696008, lr=0.0010934760657493332, lr_mult=68.36845578445391, mask_prob=0.04838857424134486, max_masked=5, max_tgt_length=72, stem_ps=0.28321303266071945, train_epochs=8, vis_mask_prob=0.25451910622176394)",0.7373892277917992,0.6701923012733461
108,"Namespace(experiment_id='108', head_linear=586, head_ps=0.553734964074472, lr=0.0011915851017451089, lr_mult=48.16610887017226, mask_prob=0.2081816508436666, max_masked=12, max_tgt_length=97, stem_ps=0.27357024263712054, train_epochs=8, vis_mask_prob=0.29688839801912004)",0.7334525466761735,0.6730769276618958
109,"Namespace(experiment_id='109', head_linear=448, head_ps=0.5344765778916746, lr=0.0019914090081133338, lr_mult=70.05041214412165, mask_prob=0.07228919857794225, max_masked=3, max_tgt_length=80, stem_ps=0.23411738891566894, train_epochs=8, vis_mask_prob=0.23313832741494814)",0.7355821647784933,0.6846153736114502
110,"Namespace(experiment_id='110', head_linear=591, head_ps=0.6314429916683826, lr=0.0004509179476761305, lr_mult=27.357126824126496, mask_prob=0.05486212021568104, max_masked=18, max_tgt_length=73, stem_ps=0.27690202641290523, train_epochs=8, vis_mask_prob=0.12367942089375361)",0.7332752356915695,0.6653845906257629
111,"Namespace(experiment_id='111', head_linear=509, head_ps=0.7097402531974188, lr=0.0018080409032766472, lr_mult=65.55477821515758, mask_prob=0.28065702349763383, max_masked=22, max_tgt_length=98, stem_ps=0.25853158443252616, train_epochs=8, vis_mask_prob=0.28528188993101267)",0.7354520109706455,0.6807692050933838
112,"Namespace(experiment_id='112', head_linear=576, head_ps=0.5430986482407898, lr=0.001939279057510536, lr_mult=72.19104181702225, mask_prob=0.09675171344554762, max_masked=21, max_tgt_length=100, stem_ps=0.21470181276671463, train_epochs=8, vis_mask_prob=0.15776453583014677)",0.7327697107567407,0.6846153736114502
113,"Namespace(experiment_id='113', head_linear=514, head_ps=0.7136888487061599, lr=0.0019398776299828638, lr_mult=122.01947997732883, mask_prob=0.11236721449665953, max_masked=23, max_tgt_length=95, stem_ps=0.2609320324310172, train_epochs=8, vis_mask_prob=0.26103345870613737)",0.7335581787521079,0.6759615540504456
114,"Namespace(experiment_id='114', head_linear=451, head_ps=0.500182615972383, lr=0.0019142220801015059, lr_mult=117.48313682857575, mask_prob=0.14692910961269978, max_masked=15, max_tgt_length=73, stem_ps=0.26712049347810873, train_epochs=8, vis_mask_prob=0.25397982480297276)",0.7581459307129033,0.6932692527770996
115,"Namespace(experiment_id='115', head_linear=487, head_ps=0.6008899096329072, lr=0.001467330363395832, lr_mult=87.34710429267741, mask_prob=0.16066808844824876, max_masked=2, max_tgt_length=84, stem_ps=0.21459331491196726, train_epochs=8, vis_mask_prob=0.2697330741015109)",0.7590456896454157,0.6798076629638672
115,"Namespace(experiment_id='115', head_linear=552, head_ps=0.6877063169661439, lr=0.0005663619714390078, lr_mult=36.061912744926126, mask_prob=0.11689476768735206, max_masked=13, max_tgt_length=72, stem_file='checkpoints/lm_stem_long.pth', stem_ps=0.27872772583385125, train_epochs=8, vis_mask_prob=0.2566149954527158)",0.7216085501620322,0.6673076748847961
116,"Namespace(experiment_id='116', head_linear=446, head_ps=0.5135528982549586, lr=0.0010897259289942031, lr_mult=57.27900302179093, mask_prob=0.17930250364432218, max_masked=22, max_tgt_length=99, stem_file='checkpoints/lm_stem_long.pth', stem_ps=0.267674290976626, train_epochs=8, vis_mask_prob=0.27182897131392886)",0.7418823635931505,0.6875
117,"Namespace(experiment_id='117', head_linear=492, head_ps=0.682252332607943, lr=0.0018518647941464996, lr_mult=86.67611187026195, mask_prob=0.28475378459249095, max_masked=11, max_tgt_length=74, stem_file='checkpoints/lm_stem_long.pth', stem_ps=0.23587253946356476, train_epochs=8, vis_mask_prob=0.267312130529649)",0.7333695500450823,0.6701923012733461
118,"Namespace(experiment_id='118', head_linear=486, head_ps=0.7306764392352212, lr=0.0006509965074384747, lr_mult=38.877598830451745, mask_prob=0.0702444112502978, max_masked=4, max_tgt_length=76, stem_file='checkpoints/lm_stem_long.pth', stem_ps=0.26027185232568595, train_epochs=8, vis_mask_prob=0.12760772067390386)",0.7363876093574929,0.6663461327552795
119,"Namespace(experiment_id='119', head_linear=486, head_ps=0.5665497061594628, lr=0.0011300103512636482, lr_mult=59.659861970317195, mask_prob=0.10084212684672708, max_masked=14, max_tgt_length=79, stem_file='checkpoints/lm_stem_long.pth', stem_ps=0.25773329088780267, train_epochs=8, vis_mask_prob=0.18971996247099615)",0.7311852296177251,0.6682692170143127
120,"Namespace(experiment_id='120', head_linear=451, head_ps=0.5284080040794163, lr=0.0008758896912998879, lr_mult=31.37017913947509, mask_prob=0.058624176976113725, max_masked=26, max_tgt_length=80, stem_file='checkpoints/lm_stem_long.pth', stem_ps=0.20536078689356463, train_epochs=8, vis_mask_prob=0.28926353076809386)",0.7302213369248239,0.6711538434028625
121,"Namespace(experiment_id='121', head_linear=480, head_ps=0.7118997766722159, lr=0.0016220402739210826, lr_mult=70.05176841696213, mask_prob=0.001839655436175691, max_masked=9, max_tgt_length=79, stem_file='checkpoints/lm_stem_long.pth', stem_ps=0.2916915664002182, train_epochs=8, vis_mask_prob=0.17772704199194544)",0.7421370123476352,0.6807692050933838
122,"Namespace(experiment_id='122', head_linear=406, head_ps=0.575083917694573, lr=0.0010785980730771709, lr_mult=54.3798749151979, mask_prob=0.1735614967795717, max_masked=0, max_tgt_length=95, stem_file='checkpoints/lm_stem_long.pth', stem_ps=0.250849099505509, train_epochs=8, vis_mask_prob=0.2859904144187244)",0.7431857879586978,0.6682692170143127
123,"Namespace(experiment_id='123', head_linear=525, head_ps=0.7867786886156534, lr=0.0013781958374520877, lr_mult=56.52342115088506, mask_prob=0.26255677555055545, max_masked=4, max_tgt_length=98, stem_file='checkpoints/lm_stem_long.pth', stem_ps=0.25585189577849066, train_epochs=8, vis_mask_prob=0.10868335187828404)",0.7427519419325388,0.6759615540504456
124,"Namespace(experiment_id='124', head_linear=482, head_ps=0.6839093106941493, lr=0.0017907530196264415, lr_mult=119.25667874788829, mask_prob=0.18505773747916332, max_masked=19, max_tgt_length=71, stem_file='checkpoints/lm_stem_long.pth', stem_ps=0.29274775372957584, train_epochs=8, vis_mask_prob=0.21818878977457434)",0.7428538014343327,0.6644230484962463
125,"Namespace(experiment_id='125', head_linear=578, head_ps=0.6625658719999693, lr=0.0012384107728180172, lr_mult=63.38222187739861, mask_prob=0.2384293529840505, max_masked=0, max_tgt_length=89, stem_file='checkpoints/lm_stem_long.pth', stem_ps=0.23731687925807052, train_epochs=8, vis_mask_prob=0.19519466040306008)",0.7355010544344722,0.6711538434028625
126,"Namespace(experiment_id='126', head_linear=555, head_ps=0.7858194847156664, lr=0.000868289358409321, lr_mult=35.203310140002415, mask_prob=0.2208738684272357, max_masked=2, max_tgt_length=80, stem_file='checkpoints/lm_stem_long.pth', stem_ps=0.2487288342333358, train_epochs=8, vis_mask_prob=0.17379711526524513)",0.7352067936515122,0.675000011920929
127,"Namespace(experiment_id='127', head_linear=594, head_ps=0.7352052693537875, lr=0.0019988607411888172, lr_mult=121.07622351691933, mask_prob=0.022068347754218207, max_masked=15, max_tgt_length=70, stem_file='checkpoints/lm_stem_long.pth', stem_ps=0.20309232710862674, train_epochs=8, vis_mask_prob=0.28672439572938335)",0.7442911521818683,0.6932692527770996
128,"Namespace(experiment_id='128', head_linear=562, head_ps=0.6472293201136313, lr=0.001401875958458255, lr_mult=54.6120862263278, mask_prob=0.25647140199765195, max_masked=3, max_tgt_length=90, stem_file='checkpoints/lm_stem_long.pth', stem_ps=0.25891415193921774, train_epochs=8, vis_mask_prob=0.2807063590204767)",0.7502952039264952,0.6817307472229004
129,"Namespace(experiment_id='129', head_linear=400, head_ps=0.7949598984710353, lr=0.0018757036135081664, lr_mult=67.21610788330928, mask_prob=0.07844158872891122, max_masked=12, max_tgt_length=78, stem_file='checkpoints/lm_stem_long.pth', stem_ps=0.21809035038339866, train_epochs=8, vis_mask_prob=0.26698562170227963)",0.7185225845150922,0.6682692170143127
130,"Namespace(experiment_id='130', head_linear=406, head_ps=0.7901313283730383, lr=0.0015835506993449177, lr_mult=73.53339648224342, mask_prob=0.19957929271835803, max_masked=5, max_tgt_length=82, stem_file='checkpoints/lm_stem_long.pth', stem_ps=0.25309683463145244, train_epochs=8, vis_mask_prob=0.20242966316864594)",0.7298818052521778,0.6625000238418579
131,"Namespace(experiment_id='131', head_linear=442, head_ps=0.5697281730816868, lr=0.0010060088665897419, lr_mult=64.88970912389381, mask_prob=0.22334941025976604, max_masked=28, max_tgt_length=94, stem_file='checkpoints/lm_stem_long.pth', stem_ps=0.20743701077549276, train_epochs=8, vis_mask_prob=0.2782573735403037)",0.7239984758800473,0.6644230484962463
132,"Namespace(experiment_id='132', head_linear=544, head_ps=0.7214232284339268, lr=0.0011262700455770087, lr_mult=47.64457730860677, mask_prob=0.20433204189454138, max_masked=6, max_tgt_length=95, stem_file='checkpoints/lm_stem_long.pth', stem_ps=0.21451351819915584, train_epochs=8, vis_mask_prob=0.20072817724349276)",0.7347314493098075,0.6615384817123413
133,"Namespace(experiment_id='133', head_linear=529, head_ps=0.7832986197137237, lr=0.001998074256845934, lr_mult=82.16349842626549, mask_prob=0.1375314383905123, max_masked=8, max_tgt_length=98, stem_file='checkpoints/lm_stem_long.pth', stem_ps=0.2738195932777027, train_epochs=8, vis_mask_prob=0.1725811976118033)",0.7511119662279163,0.6846153736114502
134,"Namespace(experiment_id='134', head_linear=423, head_ps=0.598349991534941, lr=0.0004908939850125841, lr_mult=30.802246301360405, mask_prob=0.08853100330724613, max_masked=7, max_tgt_length=72, stem_file='checkpoints/lm_stem_long.pth', stem_ps=0.20315448770043618, train_epochs=8, vis_mask_prob=0.2731769355430642)",0.7244926830924545,0.682692289352417
135,"Namespace(experiment_id='135', head_linear=512, head_ps=0.666512106831151, lr=0.0015580089397222517, lr_mult=56.75460114665914, mask_prob=0.03190256609947366, max_masked=3, max_tgt_length=94, stem_file='checkpoints/lm_stem_long.pth', stem_ps=0.2011597518699953, train_epochs=8, vis_mask_prob=0.1512808382024373)",0.7436007711141543,0.6653845906257629
136,"Namespace(experiment_id='136', head_linear=526, head_ps=0.7057624879609583, lr=0.0016409499808165305, lr_mult=71.93611160140986, mask_prob=0.12750903140611064, max_masked=3, max_tgt_length=89, stem_file='checkpoints/lm_stem_long.pth', stem_ps=0.2232126870095858, train_epochs=8, vis_mask_prob=0.20886795616614662)",0.7393528526319364,0.692307710647583
137,"Namespace(experiment_id='137', head_linear=576, head_ps=0.7424866235872563, lr=0.0016831952824818708, lr_mult=61.45819258522534, mask_prob=0.06820059394722468, max_masked=9, max_tgt_length=93, stem_file='checkpoints/lm_stem_long.pth', stem_ps=0.21826012274200707, train_epochs=8, vis_mask_prob=0.11300832146466269)",0.7383418027622788,0.6855769157409668
138,"Namespace(experiment_id='138', head_linear=444, head_ps=0.7150237022091055, lr=0.00037352250717679047, lr_mult=23.715318631070943, mask_prob=0.04885394079269505, max_masked=1, max_tgt_length=83, stem_file='checkpoints/lm_stem_long.pth', stem_ps=0.22841822450914373, train_epochs=8, vis_mask_prob=0.10629038142004976)",0.7374401575426961,0.6778846383094788
139,"Namespace(experiment_id='139', head_linear=455, head_ps=0.7515130184222758, lr=0.0007683984807141577, lr_mult=28.408388126255666, mask_prob=0.1463329814254745, max_masked=20, max_tgt_length=86, stem_file='checkpoints/lm_stem_long.pth', stem_ps=0.2608249207938591, train_epochs=8, vis_mask_prob=0.10327305912064083)",0.7404657620033877,0.6692307591438293
140,"Namespace(experiment_id='140', head_linear=441, head_ps=0.7172025905443973, lr=0.0005534513163892266, lr_mult=23.72986991585014, mask_prob=0.25742340426189236, max_masked=24, max_tgt_length=93, stem_file='checkpoints/lm_stem_long.pth', stem_ps=0.22892988815765816, train_epochs=8, vis_mask_prob=0.22777621678826918)",0.738754899630665,0.6846153736114502
141,"Namespace(experiment_id='141', head_linear=524, head_ps=0.613636566355738, lr=0.00040914126400247853, lr_mult=19.63842496030037, mask_prob=0.15247927022299365, max_masked=9, max_tgt_length=96, stem_file='checkpoints/lm_stem_long.pth', stem_ps=0.2739343392651749, train_epochs=8, vis_mask_prob=0.1865291188991241)",0.7351954759290906,0.6730769276618958
142,"Namespace(experiment_id='142', head_linear=541, head_ps=0.6298856952143541, lr=0.0017845370238145143, lr_mult=96.41328705062926, mask_prob=0.09160659370524638, max_masked=11, max_tgt_length=78, stem_file='checkpoints/lm_stem_long.pth', stem_ps=0.2916385951393575, train_epochs=8, vis_mask_prob=0.22889656021260077)",0.7530850225034047,0.6653845906257629
143,"Namespace(experiment_id='143', head_linear=453, head_ps=0.6918952771486442, lr=0.0018353666127531117, lr_mult=74.21429126708959, mask_prob=0.2706045194808175, max_masked=23, max_tgt_length=77, stem_file='checkpoints/lm_stem_long.pth', stem_ps=0.2502860093652185, train_epochs=8, vis_mask_prob=0.21480026129689261)",0.7418502967129561,0.675000011920929
144,"Namespace(experiment_id='144', head_linear=599, head_ps=0.64596922189872, lr=0.0006583526892701824, lr_mult=23.725109447417704, mask_prob=0.03096006536802045, max_masked=28, max_tgt_length=87, stem_file='checkpoints/lm_stem_long.pth', stem_ps=0.28453730373244823, train_epochs=8, vis_mask_prob=0.16128370737656814)",0.7417540960723731,0.6894230842590332
145,"Namespace(experiment_id='145', head_linear=462, head_ps=0.5069662998349654, lr=0.0016310359619412403, lr_mult=61.04515949752735, mask_prob=0.05077407938436381, max_masked=15, max_tgt_length=91, stem_file='checkpoints/lm_stem_long.pth', stem_ps=0.29980810769189614, train_epochs=8, vis_mask_prob=0.24100270299307588)",0.7402299761196057,0.6798076629638672
146,"Namespace(experiment_id='146', head_linear=463, head_ps=0.595477308313477, lr=0.0016927945212386478, lr_mult=84.36734708058954, mask_prob=0.042291884709485014, max_masked=12, max_tgt_length=70, stem_file='checkpoints/lm_stem_long.pth', stem_ps=0.294217330563855, train_epochs=8, vis_mask_prob=0.26774693020067286)",0.7548298380433922,0.6817307472229004
147,"Namespace(experiment_id='147', head_linear=403, head_ps=0.6236668575457069, lr=0.000448657269302531, lr_mult=29.102743619420252, mask_prob=0.10435618759361175, max_masked=0, max_tgt_length=76, stem_file='checkpoints/lm_stem_long.pth', stem_ps=0.23921474608411306, train_epochs=8, vis_mask_prob=0.19791371368523333)",0.7424275005564547,0.682692289352417
148,"Namespace(experiment_id='148', head_linear=435, head_ps=0.7727172725390444, lr=0.0007134377854724015, lr_mult=34.828987107701174, mask_prob=0.26614547536179617, max_masked=0, max_tgt_length=95, stem_file='checkpoints/lm_stem_long.pth', stem_ps=0.27048272794100564, train_epochs=8, vis_mask_prob=0.14478148685179867)",0.7423407313512229,0.6701923012733461
149,"Namespace(experiment_id='149', head_linear=476, head_ps=0.6056836905114771, lr=0.0016027497220816314, lr_mult=86.16274915726434, mask_prob=0.10154367865044, max_masked=28, max_tgt_length=85, stem_file='checkpoints/lm_stem_long.pth', stem_ps=0.24047349146165056, train_epochs=8, vis_mask_prob=0.16984683739788653)",0.7323170018598791,0.675000011920929
150,"Namespace(experiment_id='150', head_linear=489, head_ps=0.6454586597434744, lr=0.0005027294863112753, lr_mult=23.813018753506924, mask_prob=0.029028112137013194, max_masked=6, max_tgt_length=100, mixup_alpha=0.2363658173338878, stem_file='checkpoints/lm_stem_long.pth', stem_ps=0.2798305704213814, train_epochs=8, vis_mask_prob=0.2548538019938805)",0.7336260850866372,0.6596153974533081
151,"Namespace(experiment_id='151', head_linear=541, head_ps=0.6015432250985286, lr=0.0006085247811603241, lr_mult=30.084156906561716, mask_prob=0.056763471503585336, max_masked=3, max_tgt_length=88, mixup_alpha=0.20843412186860824, stem_file='checkpoints/lm_stem_long.pth', stem_ps=0.23202749605222198, train_epochs=8, vis_mask_prob=0.18713050085337266)",0.7303590358809527,0.6788461804389954
152,"Namespace(experiment_id='152', head_linear=484, head_ps=0.6025915019909047, lr=0.000488325940150558, lr_mult=24.263966611084783, mask_prob=0.09863361777782455, max_masked=28, max_tgt_length=92, mixup_alpha=0.58157270702506, stem_file='checkpoints/lm_stem_long.pth', stem_ps=0.21722955534089014, train_epochs=8, vis_mask_prob=0.23947890347855674)",0.7322755035443334,0.6942307949066162
153,"Namespace(experiment_id='153', head_linear=499, head_ps=0.5566822201458421, lr=0.0008799164654870693, lr_mult=53.92495372363666, mask_prob=0.0876215220267257, max_masked=14, max_tgt_length=94, mixup_alpha=0.48558207520633984, stem_file='checkpoints/lm_stem_long.pth', stem_ps=0.24713451951524112, train_epochs=8, vis_mask_prob=0.10789160581901608)",0.7356934557156384,0.6913461685180664
154,"Namespace(experiment_id='154', head_linear=545, head_ps=0.7678670879369763, lr=0.001664423782782018, lr_mult=65.65949790101472, mask_prob=0.042512671432015044, max_masked=26, max_tgt_length=100, mixup_alpha=0.3968641276714331, stem_file='checkpoints/lm_stem_long.pth', stem_ps=0.2666935159785706, train_epochs=8, vis_mask_prob=0.26032883928673334)",0.7423105507580987,0.6798076629638672
155,"Namespace(experiment_id='155', head_linear=487, head_ps=0.6175639401426358, lr=0.0019042891467892069, lr_mult=65.70561548842498, mask_prob=0.21038373335815147, max_masked=9, max_tgt_length=73, mixup_alpha=0.2787963498634066, stem_file='checkpoints/lm_stem_long.pth', stem_ps=0.2907416526589636, train_epochs=8, vis_mask_prob=0.11812997243620174)",0.7377306457515157,0.6798076629638672
156,"Namespace(experiment_id='156', head_linear=578, head_ps=0.6109506678548229, lr=0.000454564349938514, lr_mult=21.677369597104562, mask_prob=0.22534559751081207, max_masked=15, max_tgt_length=72, mixup_alpha=0.5286694973721616, stem_file='checkpoints/lm_stem_long.pth', stem_ps=0.26735896818529975, train_epochs=8, vis_mask_prob=0.11412623674984149)",0.723938114693799,0.6836538314819336
157,"Namespace(experiment_id='157', head_linear=466, head_ps=0.6532507615897166, lr=0.0013649197451656365, lr_mult=75.06352601033043, mask_prob=0.2897688948107797, max_masked=5, max_tgt_length=87, mixup_alpha=0.4945071961889462, stem_file='checkpoints/lm_stem_long.pth', stem_ps=0.28320580973072146, train_epochs=8, vis_mask_prob=0.12290569188930425)",0.7325697643272934,0.6692307591438293
158,"Namespace(experiment_id='158', head_linear=407, head_ps=0.776657027102947, lr=0.0016080823275346494, lr_mult=64.25960711170227, mask_prob=0.038025967501034194, max_masked=0, max_tgt_length=84, mixup_alpha=0.5222243591789675, stem_file='checkpoints/lm_stem_long.pth', stem_ps=0.21385461569038533, train_epochs=8, vis_mask_prob=0.2062526479623292)",0.7312833165453784,0.6778846383094788
159,"Namespace(experiment_id='159', head_linear=424, head_ps=0.6015516245775457, lr=0.0011237175076331328, lr_mult=40.03753329173336, mask_prob=0.22683153843606707, max_masked=14, max_tgt_length=82, mixup_alpha=0.40131897338714667, stem_file='checkpoints/lm_stem_long.pth', stem_ps=0.25246485488148795, train_epochs=8, vis_mask_prob=0.17290702486469134)",0.7370364921096613,0.6903846263885498
160,"Namespace(experiment_id='160', head_linear=548, head_ps=0.6030780279317416, lr=0.0007826419088125095, lr_mult=27.031872765403858, mask_prob=0.2960160096226715, max_masked=19, max_tgt_length=89, mixup_alpha=0.5436514874182516, stem_file='checkpoints/lm_stem_long.pth', stem_ps=0.2706776814483555, train_epochs=8, vis_mask_prob=0.18208848789875656)",0.7312191827849897,0.6855769157409668
161,"Namespace(experiment_id='161', head_linear=442, head_ps=0.6869460127275385, lr=0.0013070733834202187, lr_mult=76.40983069396164, mask_prob=0.16220859944975455, max_masked=2, max_tgt_length=93, mixup_alpha=0.5664310315561207, stem_file='checkpoints/lm_stem_long.pth', stem_ps=0.20814473197781835, train_epochs=8, vis_mask_prob=0.14224923669028727)",0.7435856808175924,0.6769230961799622
162,"Namespace(experiment_id='162', head_linear=425, head_ps=0.5483948874552856, lr=0.0008155707854001306, lr_mult=31.81115832835481, mask_prob=0.07590109238506507, max_masked=19, max_tgt_length=71, mixup_alpha=0.5210321348631073, stem_file='checkpoints/lm_stem_long.pth', stem_ps=0.2663567354977896, train_epochs=8, vis_mask_prob=0.29497222023931646)",0.7260884819538915,0.6730769276618958
163,"Namespace(experiment_id='163', head_linear=506, head_ps=0.6144243258831146, lr=0.0011558013797981197, lr_mult=39.232052149336845, mask_prob=0.08987213030510065, max_masked=24, max_tgt_length=89, mixup_alpha=0.5788198982857792, stem_file='checkpoints/lm_stem_long.pth', stem_ps=0.2579048309022564, train_epochs=8, vis_mask_prob=0.2896731039417231)",0.7246247231873724,0.6798076629638672
160,"Namespace(experiment_id='160', head_linear=512, head_ps=0.5, lr=0.0012941425600973878, lr_mult=54.72322213763178, mask_prob=0.25, max_masked=18, max_tgt_length=80, mixup_alpha=0.4, stem_file='checkpoints/lm_stem20drop_p2.pth', stem_ps=0.2032048057302211, train_epochs=10, vis_mask_prob=0.21939200454877003)",0.7113414896386251,0.6817307472229004
161,"Namespace(experiment_id='161', head_linear=512, head_ps=0.5, lr=0.0011421210333359202, lr_mult=52.14946118959887, mask_prob=0.25, max_masked=17, max_tgt_length=80, mixup_alpha=0.4, stem_file='checkpoints/lm_stem20drop_p2.pth', stem_ps=0.20686250561408334, train_epochs=10, vis_mask_prob=0.21659768448237998)",0.7304759856793086,0.6807692050933838
162,"Namespace(experiment_id='162', head_linear=512, head_ps=0.5, lr=0.0003683856002827587, lr_mult=19.635279372776502, mask_prob=0.25, max_masked=1, max_tgt_length=80, mixup_alpha=0.4, stem_file='checkpoints/lm_stem20drop_p2.pth', stem_ps=0.29040907040942576, train_epochs=10, vis_mask_prob=0.1358716016779792)",0.7322113697839447,0.6721153855323792
163,"Namespace(experiment_id='163', head_linear=512, head_ps=0.5, lr=0.0014441875733073243, lr_mult=50.573744413936666, mask_prob=0.25, max_masked=17, max_tgt_length=80, mixup_alpha=0.4, stem_file='checkpoints/lm_stem20drop_p2.pth', stem_ps=0.2172082919729173, train_epochs=10, vis_mask_prob=0.1539753581424983)",0.7322038246356637,0.6865384578704834
164,"Namespace(experiment_id='164', head_linear=512, head_ps=0.5, lr=0.0008396092562286914, lr_mult=37.659749272912975, mask_prob=0.25, max_masked=0, max_tgt_length=80, mixup_alpha=0.4, stem_file='checkpoints/lm_stem20drop_p2.pth', stem_ps=0.2369873081359468, train_epochs=10, vis_mask_prob=0.1156449950409587)",0.7208257410278756,0.6798076629638672
165,"Namespace(experiment_id='165', head_linear=512, head_ps=0.5, lr=0.001063734552061542, lr_mult=42.05384599476373, mask_prob=0.25, max_masked=19, max_tgt_length=80, mixup_alpha=0.4, stem_file='checkpoints/lm_stem20drop_p2.pth', stem_ps=0.20842471819857725, train_epochs=10, vis_mask_prob=0.27398265130816)",0.7301100459876788,0.6778846383094788
166,"Namespace(experiment_id='166', head_linear=512, head_ps=0.5, lr=0.001706368941566356, lr_mult=91.19164754757556, mask_prob=0.25, max_masked=20, max_tgt_length=80, mixup_alpha=0.4, stem_file='checkpoints/lm_stem20drop_p2.pth', stem_ps=0.28740032538525206, train_epochs=10, vis_mask_prob=0.2240603444933268)",0.7290348623576325,0.6807692050933838
167,"Namespace(experiment_id='167', head_linear=512, head_ps=0.5, lr=0.0005018256301289435, lr_mult=23.313264958611757, mask_prob=0.25, max_masked=9, max_tgt_length=80, mixup_alpha=0.4, stem_file='checkpoints/lm_stem20drop_p2.pth', stem_ps=0.2847904166552076, train_epochs=10, vis_mask_prob=0.1818329971180497)",0.7395263910423999,0.6942307949066162
168,"Namespace(experiment_id='168', head_linear=512, head_ps=0.5, lr=0.000705309095435457, lr_mult=33.50549822573989, mask_prob=0.25, max_masked=13, max_tgt_length=80, mixup_alpha=0.4, stem_file='checkpoints/lm_stem20drop_p2.pth', stem_ps=0.22091661509859373, train_epochs=10, vis_mask_prob=0.24473554769959485)",0.7308079722036737,0.6740384697914124
169,"Namespace(experiment_id='169', head_linear=512, head_ps=0.5, lr=0.0013073678506245962, lr_mult=53.07225247849504, mask_prob=0.25, max_masked=3, max_tgt_length=80, mixup_alpha=0.4, stem_file='checkpoints/lm_stem20drop_p2.pth', stem_ps=0.2137411506080848, train_epochs=10, vis_mask_prob=0.14997348088959767)",0.7327093495704924,0.7028846144676208
170,"Namespace(experiment_id='170', head_linear=512, head_ps=0.5, lr=0.0016428593182545412, lr_mult=64.34940104102225, mask_prob=0.25, max_masked=23, max_tgt_length=80, mixup_alpha=0.4, stem_file='checkpoints/lm_stem20drop_p2.pth', stem_ps=0.26894601828753195, train_epochs=10, vis_mask_prob=0.21619671300444007)",0.7301477717290841,0.6894230842590332
171,"Namespace(experiment_id='171', head_linear=512, head_ps=0.5, lr=0.0017108109092914773, lr_mult=59.960058737904646, mask_prob=0.25, max_masked=10, max_tgt_length=80, mixup_alpha=0.4, stem_file='checkpoints/lm_stem20drop_p2.pth', stem_ps=0.2502423521908593, train_epochs=10, vis_mask_prob=0.13448323200660234)",0.7279144078379001,0.6884615421295166
172,"Namespace(experiment_id='172', head_linear=512, head_ps=0.5, lr=0.0013133760569261673, lr_mult=64.8644921631351, mask_prob=0.25, max_masked=17, max_tgt_length=80, mixup_alpha=0.4, stem_file='checkpoints/lm_stem20drop_p2.pth', stem_ps=0.25239895810479673, train_epochs=10, vis_mask_prob=0.2074939245844325)",0.7335845867710915,0.682692289352417
173,"Namespace(experiment_id='173', head_linear=512, head_ps=0.5, lr=0.00035613271571076756, lr_mult=13.351969906782017, mask_prob=0.25, max_masked=10, max_tgt_length=80, mixup_alpha=0.4, stem_file='checkpoints/lm_stem20drop_p2.pth', stem_ps=0.26782437340937004, train_epochs=10, vis_mask_prob=0.10243837414256392)",0.7236136733177149,0.6759615540504456
174,"Namespace(experiment_id='174', head_linear=512, head_ps=0.5, lr=0.0011558710092817992, lr_mult=59.947192617428385, mask_prob=0.25, max_masked=12, max_tgt_length=80, mixup_alpha=0.4, stem_file='checkpoints/lm_stem20drop_p2.pth', stem_ps=0.23401666191311374, train_epochs=10, vis_mask_prob=0.1593382974151555)",0.7212407241833321,0.6836538314819336
175,"Namespace(experiment_id='175', head_linear=512, head_ps=0.5, lr=0.0008151015762869959, lr_mult=45.35819424647268, mask_prob=0.25, max_masked=6, max_tgt_length=80, mixup_alpha=0.4, stem_file='checkpoints/lm_stem20drop_p2.pth', stem_ps=0.2780907278161552, train_epochs=10, vis_mask_prob=0.14160247319915487)",0.7310645072452286,0.6711538434028625
176,"Namespace(experiment_id='176', head_linear=512, head_ps=0.5, lr=0.0003876625894057836, lr_mult=20.346200603783316, mask_prob=0.25, max_masked=6, max_tgt_length=80, mixup_alpha=0.4, stem_file='checkpoints/lm_stem20drop_p2.pth', stem_ps=0.21268758754284794, train_epochs=10, vis_mask_prob=0.12504259477120833)",0.7455511919447997,0.6778846383094788
177,"Namespace(experiment_id='177', head_linear=512, head_ps=0.5, lr=0.0019313113052955252, lr_mult=104.46153366168954, mask_prob=0.25, max_masked=1, max_tgt_length=80, mixup_alpha=0.4, stem_file='checkpoints/lm_stem20drop_p2.pth', stem_ps=0.2780605617889533, train_epochs=10, vis_mask_prob=0.19785973966283818)",0.7278087757619658,0.6798076629638672
178,"Namespace(experiment_id='178', head_linear=512, head_ps=0.5, lr=0.0016429158306556677, lr_mult=90.67554355979472, mask_prob=0.25, max_masked=19, max_tgt_length=80, mixup_alpha=0.4, stem_file='checkpoints/lm_stem20drop_p2.pth', stem_ps=0.20384836522227648, train_epochs=10, vis_mask_prob=0.2979390040230706)",0.7318039317767693,0.6625000238418579
179,"Namespace(experiment_id='179', head_linear=512, head_ps=0.5, lr=0.0015429255782753674, lr_mult=59.754106700995095, mask_prob=0.25, max_masked=7, max_tgt_length=80, mixup_alpha=0.4, stem_file='checkpoints/lm_stem20drop_p2.pth', stem_ps=0.23814806392833088, train_epochs=10, vis_mask_prob=0.27296110585477273)",0.7104775701604475,0.6692307591438293
180,"Namespace(experiment_id='180', head_linear=512, head_ps=0.5, lr=0.0016351572832903525, lr_mult=69.82443441426938, mask_prob=0.25, max_masked=23, max_tgt_length=80, mixup_alpha=0.4, stem_file='checkpoints/lm_stem20drop_p2.pth', stem_ps=0.29605581892200367, train_epochs=10, vis_mask_prob=0.28480424571507934)",0.7357839974950108,0.6865384578704834
181,"Namespace(experiment_id='181', head_linear=512, head_ps=0.5, lr=0.0014904269789406883, lr_mult=61.88063562905241, mask_prob=0.25, max_masked=16, max_tgt_length=80, mixup_alpha=0.4, stem_file='checkpoints/lm_stem20drop_p2.pth', stem_ps=0.25184729586825855, train_epochs=10, vis_mask_prob=0.1322711143500479)",0.7298157852047187,0.6817307472229004
182,"Namespace(experiment_id='182', head_linear=512, head_ps=0.5, lr=0.0019839730021417312, lr_mult=98.8458471220709, mask_prob=0.25, max_masked=25, max_tgt_length=80, mixup_alpha=0.4, stem_file='checkpoints/lm_stem20drop_p2.pth', stem_ps=0.2982871433715083, train_epochs=10, vis_mask_prob=0.1903572487988434)",0.7265902343145798,0.6865384578704834
183,"Namespace(experiment_id='183', head_linear=512, head_ps=0.5, lr=0.0017510711797997895, lr_mult=84.75197503942027, mask_prob=0.25, max_masked=19, max_tgt_length=80, mixup_alpha=0.4, stem_file='checkpoints/lm_stem20drop_p2.pth', stem_ps=0.2810667890834755, train_epochs=10, vis_mask_prob=0.2387749780401697)",0.7189922699955862,0.6817307472229004
184,"Namespace(experiment_id='184', head_linear=512, head_ps=0.5, lr=0.0017499880760500513, lr_mult=76.45970473992125, mask_prob=0.25, max_masked=6, max_tgt_length=80, mixup_alpha=0.4, stem_file='checkpoints/lm_stem20drop_p2.pth', stem_ps=0.2205164243991941, train_epochs=10, vis_mask_prob=0.12097183952936706)",0.7205918414311637,0.6778846383094788
185,"Namespace(experiment_id='185', head_linear=512, head_ps=0.5, lr=0.0009234036259567544, lr_mult=54.24118926568419, mask_prob=0.25, max_masked=25, max_tgt_length=80, mixup_alpha=0.4, stem_file='checkpoints/lm_stem20drop_p2.pth', stem_ps=0.2388504107452837, train_epochs=10, vis_mask_prob=0.2981486647130109)",0.7353501514688517,0.6846153736114502
186,"Namespace(experiment_id='186', head_linear=512, head_ps=0.5, lr=0.000709902335245085, lr_mult=35.5146596030361, mask_prob=0.25, max_masked=0, max_tgt_length=80, mixup_alpha=0.4, stem_file='checkpoints/lm_stem20drop_p2.pth', stem_ps=0.2537050512268499, train_epochs=10, vis_mask_prob=0.27713088529514474)",0.73842479939337,0.6855769157409668
187,"Namespace(experiment_id='187', head_linear=512, head_ps=0.5, lr=0.0018384117416215253, lr_mult=87.50705934287627, mask_prob=0.25, max_masked=8, max_tgt_length=80, mixup_alpha=0.4, stem_file='checkpoints/lm_stem20drop_p2.pth', stem_ps=0.25113481271262283, train_epochs=10, vis_mask_prob=0.2861805652312134)",0.7293555311595761,0.6865384578704834
200,"Namespace(experiment_id='200', head_linear=512, head_ps=0.6045540096983422, lr=0.0012842382415132574, lr_mult=65.53333601308506, mask_prob=0.25, max_masked=13, max_tgt_length=80, mixup_alpha=0.4, stem_file='checkpoints/lm_stem30drop_p2.pth', stem_ps=0.2843138738288338, train_epochs=8, vis_mask_prob=0.11859141950799618)",0.7377608263446398,0.6759615540504456
201,"Namespace(experiment_id='201', head_linear=512, head_ps=0.5380722960887913, lr=0.00024311463842833288, lr_mult=12.924553684880564, mask_prob=0.25, max_masked=17, max_tgt_length=80, mixup_alpha=0.4, stem_file='checkpoints/lm_stem30drop_p2.pth', stem_ps=0.2789142208465657, train_epochs=8, vis_mask_prob=0.19059434011241244)",0.7146047662701691,0.6625000238418579
202,"Namespace(experiment_id='202', head_linear=512, head_ps=0.5178461527430044, lr=0.0006721405925172452, lr_mult=30.05449589115382, mask_prob=0.25, max_masked=10, max_tgt_length=80, mixup_alpha=0.4, stem_file='checkpoints/lm_stem30drop_p2.pth', stem_ps=0.2612826427121712, train_epochs=8, vis_mask_prob=0.1311312521318777)",0.7392830600103371,0.6625000238418579
203,"Namespace(experiment_id='203', head_linear=512, head_ps=0.5574512213171188, lr=0.0016416737242580142, lr_mult=104.6001475914783, mask_prob=0.25, max_masked=37, max_tgt_length=80, mixup_alpha=0.4, stem_file='checkpoints/lm_stem30drop_p2.pth', stem_ps=0.26564923122247697, train_epochs=8, vis_mask_prob=0.12972220471039683)",0.7223196803875188,0.6903846263885498
204,"Namespace(experiment_id='204', head_linear=512, head_ps=0.517000347412014, lr=0.0007692886589146117, lr_mult=34.998835802015016, mask_prob=0.25, max_masked=29, max_tgt_length=80, mixup_alpha=0.4, stem_file='checkpoints/lm_stem30drop_p2.pth', stem_ps=0.20400201678220659, train_epochs=8, vis_mask_prob=0.18406099089656214)",0.7268052710405891,0.6759615540504456
205,"Namespace(experiment_id='205', head_linear=512, head_ps=0.6611488159051699, lr=0.0007036398552977107, lr_mult=33.06319825662786, mask_prob=0.25, max_masked=25, max_tgt_length=80, mixup_alpha=0.4, stem_file='checkpoints/lm_stem30drop_p2.pth', stem_ps=0.26409100744509517, train_epochs=8, vis_mask_prob=0.19236425336136886)",0.7312984068419405,0.6740384697914124
206,"Namespace(experiment_id='206', head_linear=512, head_ps=0.7765084268643725, lr=0.0013983445394117628, lr_mult=71.57024991529963, mask_prob=0.25, max_masked=2, max_tgt_length=80, mixup_alpha=0.4, stem_file='checkpoints/lm_stem30drop_p2.pth', stem_ps=0.2824720524090308, train_epochs=8, vis_mask_prob=0.12274127399953115)",0.7345767737700465,0.6769230961799622
207,"Namespace(experiment_id='207', head_linear=512, head_ps=0.5366172590527433, lr=0.0010246298572044745, lr_mult=54.36550419532868, mask_prob=0.25, max_masked=27, max_tgt_length=80, mixup_alpha=0.4, stem_file='checkpoints/lm_stem30drop_p2.pth', stem_ps=0.2644052545315151, train_epochs=8, vis_mask_prob=0.17148114187450375)",0.7352482919670579,0.6673076748847961
208,"Namespace(experiment_id='208', head_linear=512, head_ps=0.5898202955797495, lr=0.0013960093475664397, lr_mult=71.06739493035755, mask_prob=0.25, max_masked=39, max_tgt_length=80, mixup_alpha=0.4, stem_file='checkpoints/lm_stem30drop_p2.pth', stem_ps=0.2357296311281708, train_epochs=8, vis_mask_prob=0.21259728072168899)",0.7283218458450754,0.6682692170143127
209,"Namespace(experiment_id='209', head_linear=512, head_ps=0.7135821487145084, lr=0.001432038852393399, lr_mult=73.05837757297851, mask_prob=0.25, max_masked=11, max_tgt_length=80, mixup_alpha=0.4, stem_file='checkpoints/lm_stem30drop_p2.pth', stem_ps=0.2973882566720981, train_epochs=8, vis_mask_prob=0.1883489164976075)",0.7442722893111658,0.6788461804389954
210,"Namespace(experiment_id='210', head_linear=512, head_ps=0.7732384131521475, lr=0.0010080901399103072, lr_mult=46.88239054791372, mask_prob=0.25, max_masked=26, max_tgt_length=80, mixup_alpha=0.4, stem_file='checkpoints/lm_stem30drop_p2.pth', stem_ps=0.2870096387381478, train_epochs=8, vis_mask_prob=0.2699826252401132)",0.7329526806025555,0.6740384697914124
211,"Namespace(experiment_id='211', head_linear=512, head_ps=0.5457229850805242, lr=0.00023480007221700575, lr_mult=8.365766416285046, mask_prob=0.25, max_masked=6, max_tgt_length=80, mixup_alpha=0.4, stem_file='checkpoints/lm_stem30drop_p2.pth', stem_ps=0.24869785357746566, train_epochs=8, vis_mask_prob=0.2854161520095114)",0.724937846841035,0.6701923012733461
212,"Namespace(experiment_id='212', head_linear=512, head_ps=0.5182808348234088, lr=0.0012934555980674504, lr_mult=62.12206188691626, mask_prob=0.25, max_masked=18, max_tgt_length=80, mixup_alpha=0.4, stem_file='checkpoints/lm_stem30drop_p2.pth', stem_ps=0.29240675276251404, train_epochs=8, vis_mask_prob=0.165863933540072)",0.7359179238769991,0.6740384697914124
213,"Namespace(experiment_id='213', head_linear=512, head_ps=0.5897856655090136, lr=0.001703654444361782, lr_mult=83.61424710844027, mask_prob=0.25, max_masked=34, max_tgt_length=80, mixup_alpha=0.4, stem_file='checkpoints/lm_stem30drop_p2.pth', stem_ps=0.2484903690638302, train_epochs=8, vis_mask_prob=0.27760821409163533)",0.7370553549803638,0.6701923012733461
214,"Namespace(experiment_id='214', head_linear=512, head_ps=0.7709486869244095, lr=0.0008025596583883946, lr_mult=36.7162979255943, mask_prob=0.25, max_masked=6, max_tgt_length=80, mixup_alpha=0.4, stem_file='checkpoints/lm_stem30drop_p2.pth', stem_ps=0.28079005162038445, train_epochs=8, vis_mask_prob=0.18240404634638532)",0.7288613239471691,0.6644230484962463
215,"Namespace(experiment_id='215', head_linear=512, head_ps=0.7015314920576027, lr=0.0019404628112268752, lr_mult=73.47428650586002, mask_prob=0.25, max_masked=23, max_tgt_length=80, mixup_alpha=0.4, stem_file='checkpoints/lm_stem30drop_p2.pth', stem_ps=0.23588857265920626, train_epochs=8, vis_mask_prob=0.17876935844254624)",0.7243021680983586,0.6807692050933838
216,"Namespace(experiment_id='216', head_linear=512, head_ps=0.6853010053329543, lr=0.0016161318562612705, lr_mult=105.98790307517945, mask_prob=0.25, max_masked=4, max_tgt_length=80, mixup_alpha=0.4, stem_file='checkpoints/lm_stem30drop_p2.pth', stem_ps=0.25685896581523066, train_epochs=8, vis_mask_prob=0.1410853706225304)",0.7233458205537384,0.6625000238418579
217,"Namespace(experiment_id='217', head_linear=512, head_ps=0.51180522737519, lr=0.001305642885399159, lr_mult=51.85535163794125, mask_prob=0.25, max_masked=15, max_tgt_length=80, mixup_alpha=0.4, stem_file='checkpoints/lm_stem30drop_p2.pth', stem_ps=0.2363740874011664, train_epochs=8, vis_mask_prob=0.22016543697196367)",0.7329564531766961,0.6788461804389954
201,"Namespace(experiment_id='201', head_linear=512, head_ps=0.5926385295779082, lr=0.001293827727061805, lr_mult=63.81427290533672, mask_prob=0.25, max_masked=9, max_tgt_length=80, mixup_alpha=0.4, run_without_valid=True, stem_file='checkpoints/lm_stem30drop_p2.pth', stem_ps=0.2591493777419811, train_epochs=8, vis_mask_prob=0.20121084878179285)",0.9996176470588236,0.9870370626449584
201,"Namespace(experiment_id='201', head_linear=512, head_ps=0.7254670931399473, lr=0.0004425971229976844, lr_mult=20.074497420017025, mask_prob=0.25, max_masked=1, max_tgt_length=80, mixup_alpha=0.4, run_without_valid=False, stem_file='checkpoints/lm_stem30drop_p2.pth', stem_ps=0.2579241816111395, train_epochs=8, vis_mask_prob=0.1853563261643415)",-inf,-inf
202,"Namespace(experiment_id='202', head_linear=512, head_ps=0.7901990326555086, lr=0.001962023800080989, lr_mult=127.65255142603698, mask_prob=0.25, max_masked=0, max_tgt_length=80, mixup_alpha=0.4, run_without_valid=False, stem_file='checkpoints/lm_stem30drop_p2.pth', stem_ps=0.2670097665730026, train_epochs=8, vis_mask_prob=0.2528860162288078)",-inf,-inf
203,"Namespace(experiment_id='203', head_linear=512, head_ps=0.651461613572364, lr=0.00023248571224286668, lr_mult=14.9418470268501, mask_prob=0.25, max_masked=13, max_tgt_length=80, mixup_alpha=0.4, run_without_valid=False, stem_file='checkpoints/lm_stem30drop_p2.pth', stem_ps=0.2229790305540257, train_epochs=8, vis_mask_prob=0.29833296670466186)",-inf,-inf
204,"Namespace(experiment_id='204', head_linear=512, head_ps=0.5720462291831374, lr=0.001266735249527205, lr_mult=49.93268129200453, mask_prob=0.25, max_masked=36, max_tgt_length=80, mixup_alpha=0.4, run_without_valid=False, stem_file='checkpoints/lm_stem30drop_p2.pth', stem_ps=0.26673130959515884, train_epochs=8, vis_mask_prob=0.2701536247412091)",-inf,-inf
205,"Namespace(experiment_id='205', head_linear=512, head_ps=0.6704612232700242, lr=0.001914691792558468, lr_mult=71.49588081850604, mask_prob=0.25, max_masked=33, max_tgt_length=80, mixup_alpha=0.4, run_without_valid=False, stem_file='checkpoints/lm_stem30drop_p2.pth', stem_ps=0.2312404731697166, train_epochs=8, vis_mask_prob=0.2234582055237393)",-inf,-inf
206,"Namespace(experiment_id='206', head_linear=512, head_ps=0.6576969425356353, lr=0.0012543845912876656, lr_mult=79.59105669608857, mask_prob=0.25, max_masked=10, max_tgt_length=80, mixup_alpha=0.4, run_without_valid=False, stem_file='checkpoints/lm_stem30drop_p2.pth', stem_ps=0.21403362391734035, train_epochs=8, vis_mask_prob=0.12994594114927005)",-inf,-inf
207,"Namespace(experiment_id='207', head_linear=512, head_ps=0.6230026318822484, lr=0.0018926202583126283, lr_mult=125.92629650743939, mask_prob=0.25, max_masked=12, max_tgt_length=80, mixup_alpha=0.4, run_without_valid=False, stem_file='checkpoints/lm_stem30drop_p2.pth', stem_ps=0.21501780537512005, train_epochs=8, vis_mask_prob=0.22405198948775829)",-inf,-inf
208,"Namespace(experiment_id='208', head_linear=512, head_ps=0.7185246641882295, lr=0.0018699534553061057, lr_mult=87.66414627017161, mask_prob=0.25, max_masked=35, max_tgt_length=80, mixup_alpha=0.4, run_without_valid=False, stem_file='checkpoints/lm_stem30drop_p2.pth', stem_ps=0.21991046724333227, train_epochs=8, vis_mask_prob=0.19511857466852867)",-inf,-inf
209,"Namespace(experiment_id='209', head_linear=512, head_ps=0.6888749181688654, lr=0.00197645802623443, lr_mult=116.78698596875644, mask_prob=0.25, max_masked=7, max_tgt_length=80, mixup_alpha=0.4, run_without_valid=False, stem_file='checkpoints/lm_stem30drop_p2.pth', stem_ps=0.25039869498108736, train_epochs=8, vis_mask_prob=0.23333433033122733)",-inf,-inf
210,"Namespace(experiment_id='210', head_linear=512, head_ps=0.7268311033912283, lr=0.001452789071664507, lr_mult=59.541758673961866, mask_prob=0.25, max_masked=22, max_tgt_length=80, mixup_alpha=0.4, run_without_valid=False, stem_file='checkpoints/lm_stem30drop_p2.pth', stem_ps=0.2736189459366511, train_epochs=8, vis_mask_prob=0.11829103150335635)",-inf,-inf
211,"Namespace(experiment_id='211', head_linear=512, head_ps=0.60361502639163, lr=0.0009926460321129098, lr_mult=53.88580656187608, mask_prob=0.25, max_masked=32, max_tgt_length=80, mixup_alpha=0.4, run_without_valid=False, stem_file='checkpoints/lm_stem30drop_p2.pth', stem_ps=0.2464253063962158, train_epochs=8, vis_mask_prob=0.17615988870401783)",-inf,-inf
212,"Namespace(experiment_id='212', head_linear=512, head_ps=0.6451193462564184, lr=0.00038676664236445577, lr_mult=25.402663005141257, mask_prob=0.25, max_masked=15, max_tgt_length=80, mixup_alpha=0.4, run_without_valid=False, stem_file='checkpoints/lm_stem30drop_p2.pth', stem_ps=0.2686056979007206, train_epochs=8, vis_mask_prob=0.29173765179463085)",-inf,-inf
213,"Namespace(experiment_id='213', head_linear=512, head_ps=0.5852425322702121, lr=0.0008803166676481614, lr_mult=51.050748976208766, mask_prob=0.25, max_masked=20, max_tgt_length=80, mixup_alpha=0.4, run_without_valid=False, stem_file='checkpoints/lm_stem30drop_p2.pth', stem_ps=0.2163324745805091, train_epochs=8, vis_mask_prob=0.23725674518299025)",-inf,-inf
214,"Namespace(experiment_id='214', head_linear=512, head_ps=0.5080469475301779, lr=0.0015532418141533343, lr_mult=74.16594727098285, mask_prob=0.25, max_masked=25, max_tgt_length=80, mixup_alpha=0.4, run_without_valid=False, stem_file='checkpoints/lm_stem30drop_p2.pth', stem_ps=0.27246303967219426, train_epochs=8, vis_mask_prob=0.2955340047149654)",-inf,-inf
215,"Namespace(experiment_id='215', head_linear=512, head_ps=0.7670757400317629, lr=0.0014797412708640548, lr_mult=77.27435849845976, mask_prob=0.25, max_masked=12, max_tgt_length=80, mixup_alpha=0.4, run_without_valid=False, stem_file='checkpoints/lm_stem30drop_p2.pth', stem_ps=0.2329518282473739, train_epochs=8, vis_mask_prob=0.17650973809890555)",-inf,-inf
216,"Namespace(experiment_id='216', head_linear=512, head_ps=0.7259525891355755, lr=0.0004920253019580069, lr_mult=28.998713759773082, mask_prob=0.25, max_masked=11, max_tgt_length=80, mixup_alpha=0.4, run_without_valid=False, stem_file='checkpoints/lm_stem30drop_p2.pth', stem_ps=0.28896181838740537, train_epochs=8, vis_mask_prob=0.18778762560621562)",-inf,-inf
217,"Namespace(experiment_id='217', head_linear=512, head_ps=0.5310146457452882, lr=0.0019213038161455611, lr_mult=72.45900091533424, mask_prob=0.25, max_masked=14, max_tgt_length=80, mixup_alpha=0.4, run_without_valid=False, stem_file='checkpoints/lm_stem30drop_p2.pth', stem_ps=0.22134501828368913, train_epochs=8, vis_mask_prob=0.1679101046020158)",-inf,-inf
218,"Namespace(experiment_id='218', head_linear=512, head_ps=0.7941276688511427, lr=0.00038385992082293934, lr_mult=16.99531114086445, mask_prob=0.25, max_masked=39, max_tgt_length=80, mixup_alpha=0.4, run_without_valid=False, stem_file='checkpoints/lm_stem30drop_p2.pth', stem_ps=0.29479004094836814, train_epochs=8, vis_mask_prob=0.19882466098673263)",-inf,-inf
219,"Namespace(experiment_id='219', head_linear=512, head_ps=0.6627568125693064, lr=0.0014806683035665483, lr_mult=92.93918266020538, mask_prob=0.25, max_masked=29, max_tgt_length=80, mixup_alpha=0.4, run_without_valid=False, stem_file='checkpoints/lm_stem30drop_p2.pth', stem_ps=0.26799613316108334, train_epochs=8, vis_mask_prob=0.23277547452071598)",-inf,-inf
220,"Namespace(experiment_id='220', head_linear=512, head_ps=0.5544165582547149, lr=0.00020904471549884748, lr_mult=7.475756068573482, mask_prob=0.25, max_masked=32, max_tgt_length=80, mixup_alpha=0.4, run_without_valid=False, stem_file='checkpoints/lm_stem30drop_p2.pth', stem_ps=0.25584738897649373, train_epochs=8, vis_mask_prob=0.27293260028403094)",-inf,-inf
221,"Namespace(experiment_id='221', head_linear=512, head_ps=0.7224897190267624, lr=0.0011786792065122697, lr_mult=74.32043143248396, mask_prob=0.25, max_masked=24, max_tgt_length=80, mixup_alpha=0.4, run_without_valid=False, stem_file='checkpoints/lm_stem30drop_p2.pth', stem_ps=0.26049840581031114, train_epochs=8, vis_mask_prob=0.1456603457490245)",-inf,-inf
222,"Namespace(experiment_id='222', head_linear=512, head_ps=0.7277576874285268, lr=0.001578230908910137, lr_mult=68.99742518855, mask_prob=0.25, max_masked=29, max_tgt_length=80, mixup_alpha=0.4, run_without_valid=False, stem_file='checkpoints/lm_stem30drop_p2.pth', stem_ps=0.27019686913223584, train_epochs=8, vis_mask_prob=0.12283958624302463)",-inf,-inf
223,"Namespace(experiment_id='223', head_linear=512, head_ps=0.6699318994239203, lr=0.0005299023630791044, lr_mult=21.531118805857005, mask_prob=0.25, max_masked=9, max_tgt_length=80, mixup_alpha=0.4, run_without_valid=False, stem_file='checkpoints/lm_stem30drop_p2.pth', stem_ps=0.2720900826561139, train_epochs=8, vis_mask_prob=0.2258659178987195)",-inf,-inf
224,"Namespace(experiment_id='224', head_linear=512, head_ps=0.6974553241124961, lr=0.0005380504729369648, lr_mult=35.344612271499784, mask_prob=0.25, max_masked=40, max_tgt_length=80, mixup_alpha=0.4, run_without_valid=False, stem_file='checkpoints/lm_stem30drop_p2.pth', stem_ps=0.25851975112972225, train_epochs=8, vis_mask_prob=0.2519913489677511)",-inf,-inf
225,"Namespace(experiment_id='225', head_linear=512, head_ps=0.5769003450563849, lr=0.0018910358405634046, lr_mult=70.76412132141286, mask_prob=0.25, max_masked=21, max_tgt_length=80, mixup_alpha=0.4, run_without_valid=False, stem_file='checkpoints/lm_stem30drop_p2.pth', stem_ps=0.2988566470824918, train_epochs=8, vis_mask_prob=0.1909334859126547)",-inf,-inf
226,"Namespace(experiment_id='226', head_linear=512, head_ps=0.62016542585345, lr=0.0006909178186928113, lr_mult=45.19646764896942, mask_prob=0.25, max_masked=14, max_tgt_length=80, mixup_alpha=0.4, run_without_valid=False, stem_file='checkpoints/lm_stem30drop_p2.pth', stem_ps=0.2961768191192292, train_epochs=8, vis_mask_prob=0.12294142410844439)",-inf,-inf
227,"Namespace(experiment_id='227', head_linear=512, head_ps=0.7501710253184373, lr=0.0012534882429900828, lr_mult=58.68819188050542, mask_prob=0.25, max_masked=20, max_tgt_length=80, mixup_alpha=0.4, run_without_valid=False, stem_file='checkpoints/lm_stem30drop_p2.pth', stem_ps=0.2932562814398158, train_epochs=8, vis_mask_prob=0.2891532857377248)",-inf,-inf
228,"Namespace(experiment_id='228', head_linear=512, head_ps=0.6493720183516885, lr=0.00024966635888924477, lr_mult=13.51546600123418, mask_prob=0.25, max_masked=20, max_tgt_length=80, mixup_alpha=0.4, run_without_valid=False, stem_file='checkpoints/lm_stem30drop_p2.pth', stem_ps=0.2626445376534136, train_epochs=8, vis_mask_prob=0.1856010229140369)",-inf,-inf
229,"Namespace(experiment_id='229', head_linear=512, head_ps=0.7341604339588699, lr=0.001575202960949611, lr_mult=82.53332268311516, mask_prob=0.25, max_masked=33, max_tgt_length=80, mixup_alpha=0.4, run_without_valid=False, stem_file='checkpoints/lm_stem30drop_p2.pth', stem_ps=0.22838789076960084, train_epochs=8, vis_mask_prob=0.13317048806234597)",-inf,-inf
230,"Namespace(experiment_id='230', head_linear=512, head_ps=0.7677425309125643, lr=0.0011950309416009757, lr_mult=43.211749278818274, mask_prob=0.25, max_masked=10, max_tgt_length=80, mixup_alpha=0.4, run_without_valid=False, stem_file='checkpoints/lm_stem30drop_p2.pth', stem_ps=0.29067224083028187, train_epochs=8, vis_mask_prob=0.2918665179038406)",-inf,-inf
231,"Namespace(experiment_id='231', head_linear=512, head_ps=0.6233894877682662, lr=0.00030517992331059176, lr_mult=14.411394663829627, mask_prob=0.25, max_masked=2, max_tgt_length=80, mixup_alpha=0.4, run_without_valid=False, stem_file='checkpoints/lm_stem30drop_p2.pth', stem_ps=0.22268784226909685, train_epochs=8, vis_mask_prob=0.20985558393139575)",-inf,-inf
232,"Namespace(experiment_id='232', head_linear=512, head_ps=0.5747030438228652, lr=0.0014932699676064932, lr_mult=86.31102805663733, mask_prob=0.25, max_masked=40, max_tgt_length=80, mixup_alpha=0.4, run_without_valid=False, stem_file='checkpoints/lm_stem30drop_p2.pth', stem_ps=0.20076161983188312, train_epochs=8, vis_mask_prob=0.27685978678987216)",-inf,-inf
233,"Namespace(experiment_id='233', head_linear=512, head_ps=0.7251940426957104, lr=0.0018092626751189005, lr_mult=83.695348205496, mask_prob=0.25, max_masked=31, max_tgt_length=80, mixup_alpha=0.4, run_without_valid=False, stem_file='checkpoints/lm_stem30drop_p2.pth', stem_ps=0.2210697995159076, train_epochs=8, vis_mask_prob=0.1405835510754397)",-inf,-inf
234,"Namespace(experiment_id='234', head_linear=512, head_ps=0.6693051825446152, lr=0.0003616474172588413, lr_mult=17.455246239548952, mask_prob=0.25, max_masked=10, max_tgt_length=80, mixup_alpha=0.4, run_without_valid=False, stem_file='checkpoints/lm_stem30drop_p2.pth', stem_ps=0.23721171912978128, train_epochs=8, vis_mask_prob=0.10474930989428118)",-inf,-inf
235,"Namespace(experiment_id='235', head_linear=512, head_ps=0.7838171195674213, lr=0.0011873219917258174, lr_mult=53.04013543769427, mask_prob=0.25, max_masked=6, max_tgt_length=80, mixup_alpha=0.4, run_without_valid=False, stem_file='checkpoints/lm_stem30drop_p2.pth', stem_ps=0.28370524243249373, train_epochs=8, vis_mask_prob=0.29389742695238175)",-inf,-inf
236,"Namespace(experiment_id='236', head_linear=512, head_ps=0.6051622345066417, lr=0.0014874673738660828, lr_mult=89.11246779859127, mask_prob=0.25, max_masked=3, max_tgt_length=80, mixup_alpha=0.4, run_without_valid=False, stem_file='checkpoints/lm_stem30drop_p2.pth', stem_ps=0.22460402273745375, train_epochs=8, vis_mask_prob=0.14988317815780294)",-inf,-inf
237,"Namespace(experiment_id='237', head_linear=512, head_ps=0.6042968309170208, lr=0.0012896370886596581, lr_mult=51.95277956233911, mask_prob=0.25, max_masked=7, max_tgt_length=80, mixup_alpha=0.4, run_without_valid=False, stem_file='checkpoints/lm_stem30drop_p2.pth', stem_ps=0.2470468187266454, train_epochs=8, vis_mask_prob=0.16526055568303274)",-inf,-inf
238,"Namespace(experiment_id='238', head_linear=512, head_ps=0.6865640244585766, lr=0.0011024987351797276, lr_mult=59.003875366784285, mask_prob=0.25, max_masked=19, max_tgt_length=80, mixup_alpha=0.4, run_without_valid=False, stem_file='checkpoints/lm_stem30drop_p2.pth', stem_ps=0.2058995293023208, train_epochs=8, vis_mask_prob=0.21302808824796926)",-inf,-inf
239,"Namespace(experiment_id='239', head_linear=512, head_ps=0.509159339864423, lr=0.0016408090227406434, lr_mult=65.42656012614398, mask_prob=0.25, max_masked=34, max_tgt_length=80, mixup_alpha=0.4, run_without_valid=False, stem_file='checkpoints/lm_stem30drop_p2.pth', stem_ps=0.2481657370097407, train_epochs=8, vis_mask_prob=0.2673956354315592)",-inf,-inf
240,"Namespace(experiment_id='240', head_linear=512, head_ps=0.7100820625553422, lr=0.0015678950264618725, lr_mult=78.32891656152702, mask_prob=0.25, max_masked=12, max_tgt_length=80, mixup_alpha=0.4, run_without_valid=False, stem_file='checkpoints/lm_stem30drop_p2.pth', stem_ps=0.29274134625080267, train_epochs=8, vis_mask_prob=0.13450598983711684)",-inf,-inf
241,"Namespace(experiment_id='241', head_linear=512, head_ps=0.6448009716204526, lr=0.00032224402384677965, lr_mult=13.55736582724293, mask_prob=0.25, max_masked=15, max_tgt_length=80, mixup_alpha=0.4, run_without_valid=False, stem_file='checkpoints/lm_stem30drop_p2.pth', stem_ps=0.20152551338802652, train_epochs=8, vis_mask_prob=0.1818874310495183)",-inf,-inf
242,"Namespace(experiment_id='242', head_linear=512, head_ps=0.511416885966512, lr=0.0016715527603955707, lr_mult=70.46205633995994, mask_prob=0.25, max_masked=36, max_tgt_length=80, mixup_alpha=0.4, run_without_valid=False, stem_file='checkpoints/lm_stem30drop_p2.pth', stem_ps=0.20891883408920828, train_epochs=8, vis_mask_prob=0.2150527063507598)",-inf,-inf
300a,"Namespace(experiment_id='300a', head_linear=523, head_ps=0.6192850880124542, lr=0.000944702829038976, lr_mult=51.244306622820744, mask_prob=0.24814982407134173, max_masked=40, max_tgt_length=82, mixup_alpha=0.4, run_without_valid=False, stem_file='checkpoints/lm_stem30drop_p2.pth', stem_ps=0.2397222998117426, train_epochs=1, vis_mask_prob=0.23291434869071975)",0.6457930139472066,0.6182692050933838
301a,"Namespace(experiment_id='301a', head_linear=504, head_ps=0.5921559302139857, lr=0.001633348650082268, lr_mult=70.38371413749701, mask_prob=0.03571573955168189, max_masked=16, max_tgt_length=94, mixup_alpha=0.4, run_without_valid=False, stem_file='checkpoints/lm_stem30drop_p2.pth', stem_ps=0.23727611674039947, train_epochs=1, vis_mask_prob=0.2781718418375505)",0.6695998430609158,0.6432692408561707
300a,"Namespace(experiment_id='300a', head_linear=471, head_ps=0.7904023674627021, lr=0.0018899099645589045, lr_mult=71.93949279424885, mask_prob=0.1252267734107791, max_masked=30, max_tgt_length=70, mixup_alpha=0.4, run_without_valid=False, stem_file='checkpoints/lm_stem30drop_p2.pth', stem_ps=0.2848013347403707, train_epochs=8, vis_mask_prob=0.2818594185214357)",0.7405713940793222,0.6807692050933838
301a,"Namespace(experiment_id='301a', head_linear=568, head_ps=0.7905951207196168, lr=0.000578650202337955, lr_mult=29.961909863686817, mask_prob=0.12681440695406968, max_masked=15, max_tgt_length=78, mixup_alpha=0.4, run_without_valid=False, stem_file='checkpoints/lm_stem30drop_p2.pth', stem_ps=0.20707827387100147, train_epochs=8, vis_mask_prob=0.1411337097281)",0.7139841778240548,0.6653845906257629
302a,"Namespace(experiment_id='302a', head_linear=454, head_ps=0.7653487446915666, lr=0.0017896728039649087, lr_mult=92.54523305158321, mask_prob=0.2592486908857173, max_masked=17, max_tgt_length=76, mixup_alpha=0.4, run_without_valid=False, stem_file='checkpoints/lm_stem30drop_p2.pth', stem_ps=0.21515787096614786, train_epochs=8, vis_mask_prob=0.2755788357119761)",0.7372138030942652,0.6711538434028625
303a,"Namespace(experiment_id='303a', head_linear=575, head_ps=0.7972473245330947, lr=0.0015844680114216654, lr_mult=100.63338347790696, mask_prob=0.21591788096474224, max_masked=15, max_tgt_length=86, mixup_alpha=0.4, run_without_valid=False, stem_file='checkpoints/lm_stem30drop_p2.pth', stem_ps=0.27639456814931823, train_epochs=8, vis_mask_prob=0.23036700221385212)",0.7328187542205673,0.6644230484962463
304a,"Namespace(experiment_id='304a', head_linear=499, head_ps=0.5066391892626344, lr=0.0019976150467358243, lr_mult=91.60014202182444, mask_prob=0.2791341996431498, max_masked=33, max_tgt_length=87, mixup_alpha=0.4, run_without_valid=False, stem_file='checkpoints/lm_stem30drop_p2.pth', stem_ps=0.20880373978116928, train_epochs=8, vis_mask_prob=0.28895412653044267)",0.7447759279589242,0.6817307472229004
305a,"Namespace(experiment_id='305a', head_linear=447, head_ps=0.6863196731149387, lr=0.0016592231048557188, lr_mult=108.82350031988378, mask_prob=0.20310211023853722, max_masked=5, max_tgt_length=97, mixup_alpha=0.4, run_without_valid=False, stem_file='checkpoints/lm_stem30drop_p2.pth', stem_ps=0.27754434857506016, train_epochs=8, vis_mask_prob=0.2885248791277493)",0.7342108340784168,0.6692307591438293
306a,"Namespace(experiment_id='306a', head_linear=524, head_ps=0.5176893825712585, lr=0.00045462386135565805, lr_mult=28.880665114548762, mask_prob=0.03984063485658621, max_masked=49, max_tgt_length=99, mixup_alpha=0.4, run_without_valid=False, stem_file='checkpoints/lm_stem30drop_p2.pth', stem_ps=0.26337797654632206, train_epochs=8, vis_mask_prob=0.15243029945429404)",0.7231119209570266,0.6740384697914124
